City;Area;Region;Branch;Branch Mapping;Validation
ACEH BARAT;AREA 1;01.SUMBAGUT;BANDA ACEH;BANDA ACEH;TRUE
ACEH BARAT DAYA;AREA 1;01.SUMBAGUT;BANDA ACEH;BANDA ACEH;TRUE
ACEH BESAR;AREA 1;01.SUMBAGUT;BANDA ACEH;BANDA ACEH;TRUE
ACEH JAYA;AREA 1;01.SUMBAGUT;BANDA ACEH;BANDA ACEH;TRUE
ACEH SELATAN;AREA 1;01.SUMBAGUT;BANDA ACEH;BANDA ACEH;TRUE
ACEH SINGKIL;AREA 1;01.SUMBAGUT;BANDA ACEH;BANDA ACEH;TRUE
ACEH TAMIANG;AREA 1;01.SUMBAGUT;WESTERN MEDAN;WESTERN MEDAN;TRUE
ACEH TENGAH;AREA 1;01.SUMBAGUT;BANDA ACEH;BANDA ACEH;TRUE
ACEH TENGGARA;AREA 1;01.SUMBAGUT;PEMATANG SIANTAR;PEMATANG SIANTAR;TRUE
ACEH TIMUR;AREA 1;01.SUMBAGUT;WESTERN MEDAN;WESTERN MEDAN;TRUE
ACEH UTARA;AREA 1;01.SUMBAGUT;BANDA ACEH;BANDA ACEH;TRUE
ACEH UTARA;AREA 1;01.SUMBAGUT;WESTERN MEDAN;BANDA ACEH;FALSE
AGAM;AREA 1;02.SUMBAGTENG;PADANG;PADANG;TRUE
ALOR;AREA 3;10.BALI NUSRA;KUPANG;KUPANG;TRUE
ASAHAN;AREA 1;01.SUMBAGUT;PEMATANG SIANTAR;PEMATANG SIANTAR;TRUE
ASMAT;AREA 4;13.MALUKU DAN PAPUA;TIMIKA;TIMIKA;TRUE
BABADAN;AREA 3;09.JATIM;MANDIRI;#N/A;#N/A
BADUNG;AREA 3;10.BALI NUSRA;DENPASAR;DENPASAR;TRUE
BALANGAN;AREA 4;11.KALIMANTAN;BANJARMASIN;BANJARMASIN;TRUE
BANDUNG;AREA 2;07.JABAR;SOREANG;SOREANG;TRUE
BANDUNG;AREA 3;08.JATENG-DIY;PANTURA;SOREANG;FALSE
BANDUNG BARAT;AREA 2;07.JABAR;BANDUNG;BANDUNG;TRUE
BANDUNG BARAT;AREA 2;07.JABAR;SOREANG;BANDUNG;FALSE
BANDUNG BARAT;AREA 3;09.JATIM;MADURA;BANDUNG;FALSE
BANGGAI;AREA 4;12.SULAWESI;PALU;PALU;TRUE
BANGGAI KEPULAUAN;AREA 4;12.SULAWESI;PALU;PALU;TRUE
BANGGAI LAUT;AREA 4;12.SULAWESI;PALU;PALU;TRUE
BANGKA;AREA 1;03.SUMBAGSEL;PANGKAL PINANG;PANGKAL PINANG;TRUE
BANGKA BARAT;AREA 1;03.SUMBAGSEL;PANGKAL PINANG;PANGKAL PINANG;TRUE
BANGKA SELATAN;AREA 1;03.SUMBAGSEL;PANGKAL PINANG;PANGKAL PINANG;TRUE
BANGKA TENGAH;AREA 1;03.SUMBAGSEL;PANGKAL PINANG;PANGKAL PINANG;TRUE
BANGKALAN;AREA 3;09.JATIM;SURABAYA;SURABAYA;TRUE
BANGLI;AREA 3;10.BALI NUSRA;DENPASAR;DENPASAR;TRUE
BANGUNASRI;AREA 3;09.JATIM;PONOROGO;#N/A;#N/A
BANJAR;AREA 4;11.KALIMANTAN;BANJARMASIN;BANJARMASIN;TRUE
BANJARNEGARA;AREA 3;08.JATENG-DIY;PURWOKERTO;PURWOKERTO;TRUE
BANTAENG;AREA 4;12.SULAWESI;MAKASSAR;MAKASSAR;TRUE
BANTUL;AREA 3;08.JATENG-DIY;YOGYAKARTA;YOGYAKARTA;TRUE
BANYU ASIN;AREA 1;03.SUMBAGSEL;PALEMBANG;PALEMBANG;TRUE
BANYUMAS;AREA 3;08.JATENG-DIY;PURWOKERTO;PURWOKERTO;TRUE
BANYUWANGI;AREA 3;09.JATIM;JEMBER;JEMBER;TRUE
BARITO KUALA;AREA 4;11.KALIMANTAN;BANJARMASIN;BANJARMASIN;TRUE
BARITO SELATAN;AREA 4;11.KALIMANTAN;PALANGKARAYA;PALANGKARAYA;TRUE
BARITO TIMUR;AREA 4;11.KALIMANTAN;PALANGKARAYA;PALANGKARAYA;TRUE
BARITO UTARA;AREA 4;11.KALIMANTAN;PALANGKARAYA;PALANGKARAYA;TRUE
BARRU;AREA 4;12.SULAWESI;MAKASSAR;MAKASSAR;TRUE
BATANG;AREA 3;08.JATENG-DIY;PEKALONGAN;PEKALONGAN;TRUE
BATANG HARI;AREA 1;03.SUMBAGSEL;JAMBI;JAMBI;TRUE
BATU BARA;AREA 1;01.SUMBAGUT;PEMATANG SIANTAR;PEMATANG SIANTAR;TRUE
BEKASI;AREA 2;06.EASTERN JABOTABEK;BEKASI;BEKASI;TRUE
BEKASI;AREA 2;06.EASTERN JABOTABEK;KARAWANG;BEKASI;FALSE
BELITUNG;AREA 1;03.SUMBAGSEL;PANGKAL PINANG;PANGKAL PINANG;TRUE
BELITUNG TIMUR;AREA 1;03.SUMBAGSEL;PANGKAL PINANG;PANGKAL PINANG;TRUE
BELU;AREA 3;10.BALI NUSRA;KUPANG;KUPANG;TRUE
BENER MERIAH;AREA 1;01.SUMBAGUT;BANDA ACEH;BANDA ACEH;TRUE
BENGKALIS;AREA 1;02.SUMBAGTENG;DUMAI;DUMAI;TRUE
BENGKAYANG;AREA 4;11.KALIMANTAN;PONTIANAK;PONTIANAK;TRUE
BENGKULU SELATAN;AREA 1;03.SUMBAGSEL;BENGKULU;BENGKULU;TRUE
BENGKULU TENGAH;AREA 1;03.SUMBAGSEL;BENGKULU;BENGKULU;TRUE
BENGKULU UTARA;AREA 1;03.SUMBAGSEL;BENGKULU;BENGKULU;TRUE
BERAU;AREA 4;11.KALIMANTAN;SAMARINDA;SAMARINDA;TRUE
BERO;AREA 3;08.JATENG-DIY;MAGELANG;#N/A;#N/A
BERU;AREA 3;09.JATIM;TULUNGAGUNG;#N/A;#N/A
BIAK NUMFOR;AREA 4;13.MALUKU DAN PAPUA;JAYAPURA;JAYAPURA;TRUE
BIMA;AREA 3;10.BALI NUSRA;MATARAM;MATARAM;TRUE
BINTAN;AREA 1;02.SUMBAGTENG;BATAM;BATAM;TRUE
BIREUEN;AREA 1;01.SUMBAGUT;BANDA ACEH;BANDA ACEH;TRUE
BLITAR;AREA 3;09.JATIM;MALANG;MALANG;TRUE
BLITAR;AREA 3;09.JATIM;TULUNGAGUNG;MALANG;FALSE
BLORA;AREA 3;08.JATENG-DIY;SURAKARTA;SURAKARTA;TRUE
BOALEMO;AREA 4;12.SULAWESI;GORONTALO;GORONTALO;TRUE
BOGOR;AREA 2;06.EASTERN JABOTABEK;BEKASI;BEKASI;TRUE
BOGOR;AREA 2;06.EASTERN JABOTABEK;BOGOR;BEKASI;FALSE
BOJONEGORO;AREA 3;09.JATIM;LAMONGAN;LAMONGAN;TRUE
BOLAANG MONGONDOW;AREA 4;12.SULAWESI;GORONTALO;GORONTALO;TRUE
BOLAANG MONGONDOW SELATAN;AREA 4;12.SULAWESI;GORONTALO;GORONTALO;TRUE
BOLAANG MONGONDOW TIMUR;AREA 4;12.SULAWESI;GORONTALO;GORONTALO;TRUE
BOLAANG MONGONDOW UTARA;AREA 4;12.SULAWESI;GORONTALO;GORONTALO;TRUE
BOMBANA;AREA 4;12.SULAWESI;KENDARI;KENDARI;TRUE
BONDOWOSO;AREA 3;09.JATIM;JEMBER;JEMBER;TRUE
BONE;AREA 4;12.SULAWESI;MAKASSAR;MAKASSAR;TRUE
BONE BOLANGO;AREA 4;12.SULAWESI;GORONTALO;GORONTALO;TRUE
BOYOLALI;AREA 3;08.JATENG-DIY;SURAKARTA;SURAKARTA;TRUE
BREBES;AREA 3;08.JATENG-DIY;PEKALONGAN;PEKALONGAN;TRUE
BUKITTINGGI;AREA 1;02.SUMBAGTENG;BUKIT TINGGI;#N/A;#N/A
BULELENG;AREA 3;10.BALI NUSRA;DENPASAR;DENPASAR;TRUE
BULUKUMBA;AREA 4;12.SULAWESI;MAKASSAR;MAKASSAR;TRUE
BULUNGAN;AREA 4;11.KALIMANTAN;TARAKAN;TARAKAN;TRUE
BULUSIDOKARE;AREA 3;09.JATIM;NEW SIDOARJO;#N/A;#N/A
BUNGO;AREA 1;03.SUMBAGSEL;JAMBI;JAMBI;TRUE
BUOL;AREA 4;12.SULAWESI;GORONTALO;GORONTALO;TRUE
BURU;AREA 4;13.MALUKU DAN PAPUA;AMBON;AMBON;TRUE
BURU SELATAN;AREA 4;13.MALUKU DAN PAPUA;AMBON;AMBON;TRUE
BUTON;AREA 4;12.SULAWESI;KENDARI;KENDARI;TRUE
BUTON TENGAH;AREA 4;12.SULAWESI;KENDARI;KENDARI;TRUE
BUTON UTARA;AREA 4;12.SULAWESI;KENDARI;KENDARI;TRUE
CANDI;AREA 3;08.JATENG-DIY;DEMAK;#N/A;#N/A
CELEP;AREA 3;09.JATIM;LAMONGAN;#N/A;#N/A
CIAMIS;AREA 2;07.JABAR;TASIKMALAYA;TASIKMALAYA;TRUE
CIANJUR;AREA 2;07.JABAR;SOREANG;SOREANG;TRUE
CIBEUREUM;AREA 2;07.JABAR;KUNINGAN;#N/A;#N/A
CILACAP;AREA 3;08.JATENG-DIY;PURWOKERTO;PURWOKERTO;TRUE
CIREBON;AREA 2;07.JABAR;CIREBON;CIREBON;TRUE
DAIRI;AREA 1;01.SUMBAGUT;PEMATANG SIANTAR;PEMATANG SIANTAR;TRUE
DELI SERDANG;AREA 1;01.SUMBAGUT;CENTRAL MEDAN;CENTRAL MEDAN;TRUE
DELI SERDANG;AREA 1;01.SUMBAGUT;PEMATANG SIANTAR;CENTRAL MEDAN;FALSE
DELI SERDANG;AREA 1;01.SUMBAGUT;WESTERN MEDAN;CENTRAL MEDAN;FALSE
DEMAK;AREA 3;08.JATENG-DIY;SEMARANG;SEMARANG;TRUE
DHARMASRAYA;AREA 1;02.SUMBAGTENG;PADANG;PADANG;TRUE
DOMPU;AREA 3;10.BALI NUSRA;MATARAM;MATARAM;TRUE
DONGGALA;AREA 4;12.SULAWESI;PALU;PALU;TRUE
DONOHARJO;AREA 3;08.JATENG-DIY;SURAKARTA;#N/A;#N/A
EMPAT LAWANG;AREA 1;03.SUMBAGSEL;BENGKULU;BENGKULU;TRUE
ENDE;AREA 3;10.BALI NUSRA;KUPANG;KUPANG;TRUE
ENREKANG;AREA 4;12.SULAWESI;PARE-PARE;PARE-PARE;TRUE
FAKFAK;AREA 4;13.MALUKU DAN PAPUA;SORONG;SORONG;TRUE
FLORES TIMUR;AREA 3;10.BALI NUSRA;KUPANG;KUPANG;TRUE
GARUT;AREA 2;07.JABAR;GARUT;TASIKMALAYA;FALSE
GARUT;AREA 2;07.JABAR;TASIKMALAYA;TASIKMALAYA;TRUE
GAYO LUES;AREA 1;01.SUMBAGUT;PEMATANG SIANTAR;PEMATANG SIANTAR;TRUE
GIANYAR;AREA 3;10.BALI NUSRA;DENPASAR;DENPASAR;TRUE
GORONTALO;AREA 4;12.SULAWESI;GORONTALO;GORONTALO;TRUE
GORONTALO UTARA;AREA 4;12.SULAWESI;GORONTALO;GORONTALO;TRUE
GOWA;AREA 4;12.SULAWESI;MAKASSAR;MAKASSAR;TRUE
GRESIK;AREA 3;09.JATIM;LAMONGAN;LAMONGAN;TRUE
GROBOGAN;AREA 3;08.JATENG-DIY;SURAKARTA;SURAKARTA;TRUE
GUNUNG KIDUL;AREA 3;08.JATENG-DIY;YOGYAKARTA;YOGYAKARTA;TRUE
GUNUNG MAS;AREA 4;11.KALIMANTAN;PALANGKARAYA;PALANGKARAYA;TRUE
GUNUNGSITOLI;AREA 1;01.SUMBAGUT;PADANG SIDEMPUAN;PADANG SIDEMPUAN;TRUE
HALMAHERA BARAT;AREA 4;12.SULAWESI;MANADO;MANADO;TRUE
HALMAHERA SELATAN;AREA 4;12.SULAWESI;MANADO;MANADO;TRUE
HALMAHERA TENGAH;AREA 4;12.SULAWESI;;MANADO;FALSE
HALMAHERA TENGAH;AREA 4;12.SULAWESI;MANADO;MANADO;TRUE
HALMAHERA TIMUR;AREA 4;12.SULAWESI;MANADO;MANADO;TRUE
HALMAHERA UTARA;AREA 4;12.SULAWESI;MANADO;MANADO;TRUE
HULU SUNGAI SELATAN;AREA 4;11.KALIMANTAN;BANJARMASIN;BANJARMASIN;TRUE
HULU SUNGAI TENGAH;AREA 4;11.KALIMANTAN;BANJARMASIN;BANJARMASIN;TRUE
HULU SUNGAI UTARA;AREA 4;11.KALIMANTAN;BANJARMASIN;BANJARMASIN;TRUE
HUMBANG HASUNDUTAN;AREA 1;01.SUMBAGUT;PEMATANG SIANTAR;PEMATANG SIANTAR;TRUE
INDRAGIRI HILIR;AREA 1;02.SUMBAGTENG;PEKANBARU;PEKANBARU;TRUE
INDRAGIRI HULU;AREA 1;02.SUMBAGTENG;PEKANBARU;PEKANBARU;TRUE
INDRAMAYU;AREA 2;07.JABAR;CIREBON;CIREBON;TRUE
JAKARTA BARAT;AREA 2;04.CENTRAL JABOTABEK;JAKARTA RAYA;JAKARTA RAYA;TRUE
JAKARTA PUSAT;AREA 2;04.CENTRAL JABOTABEK;JAKARTA RAYA;JAKARTA RAYA;TRUE
JAKARTA SELATAN;AREA 2;04.CENTRAL JABOTABEK;JAKARTA RAYA;JAKARTA RAYA;TRUE
JAKARTA TIMUR;AREA 2;04.CENTRAL JABOTABEK;JAKARTA RAYA;JAKARTA RAYA;TRUE
JAKARTA UTARA;AREA 2;04.CENTRAL JABOTABEK;JAKARTA RAYA;JAKARTA RAYA;TRUE
JAYAPURA;AREA 4;13.MALUKU DAN PAPUA;JAYAPURA;JAYAPURA;TRUE
JAYAWIJAYA;AREA 4;13.MALUKU DAN PAPUA;JAYAPURA;JAYAPURA;TRUE
JEMBER;AREA 3;09.JATIM;JEMBER;JEMBER;TRUE
JEMBRANA;AREA 3;10.BALI NUSRA;DENPASAR;DENPASAR;TRUE
JENEPONTO;AREA 4;12.SULAWESI;MAKASSAR;MAKASSAR;TRUE
JEPARA;AREA 3;08.JATENG-DIY;SEMARANG;SEMARANG;TRUE
JOMBANG;AREA 3;09.JATIM;MADIUN;MADIUN;TRUE
KAIMANA;AREA 4;13.MALUKU DAN PAPUA;SORONG;SORONG;TRUE
KAMPAR;AREA 1;02.SUMBAGTENG;DUMAI;DUMAI;TRUE
KAMPAR;AREA 1;02.SUMBAGTENG;PEKANBARU;DUMAI;FALSE
KAMPUNG LALANG;AREA 1;01.SUMBAGUT;ASAHAN;#N/A;#N/A
KANIGORO;AREA 3;09.JATIM;TULUNGAGUNG;#N/A;#N/A
KAPUAS;AREA 4;11.KALIMANTAN;PALANGKARAYA;PALANGKARAYA;TRUE
KAPUAS HULU;AREA 4;11.KALIMANTAN;PONTIANAK;PONTIANAK;TRUE
KARANG ASEM;AREA 3;10.BALI NUSRA;DENPASAR;DENPASAR;TRUE
KARANGANNUNGGI;AREA 1;02.SUMBAGTENG;ROKAN HULU;#N/A;#N/A
KARANGANYAR;AREA 3;08.JATENG-DIY;SURAKARTA;SURAKARTA;TRUE
KARAWANG;AREA 2;06.EASTERN JABOTABEK;KARAWANG;KARAWANG;TRUE
KARAWANG;AREA 2;06.EASTERN JABOTABEK;KARAWANG PURWAKARTA;KARAWANG;FALSE
KARIMUN;AREA 1;02.SUMBAGTENG;BATAM;BATAM;TRUE
KARO;AREA 1;01.SUMBAGUT;PEMATANG SIANTAR;PEMATANG SIANTAR;TRUE
KATINGAN;AREA 4;11.KALIMANTAN;PALANGKARAYA;PALANGKARAYA;TRUE
KAUR;AREA 1;03.SUMBAGSEL;BENGKULU;BENGKULU;TRUE
KAYONG UTARA;AREA 4;11.KALIMANTAN;PONTIANAK;PONTIANAK;TRUE
KEBUMEN;AREA 3;08.JATENG-DIY;PURWOKERTO;PURWOKERTO;TRUE
KEDIRI;AREA 3;09.JATIM;MADIUN;MADIUN;TRUE
KEEROM;AREA 4;13.MALUKU DAN PAPUA;JAYAPURA;JAYAPURA;TRUE
KENCANA;AREA 2;07.JABAR;KUNINGAN;#N/A;#N/A
KENDAL;AREA 3;08.JATENG-DIY;;SEMARANG;FALSE
KENDAL;AREA 3;08.JATENG-DIY;SEMARANG;SEMARANG;TRUE
KENDARI;AREA 4;12.SULAWESI;KENDARI;#N/A;#N/A
KEPAHIANG;AREA 1;03.SUMBAGSEL;BENGKULU;BENGKULU;TRUE
KEPRABON;AREA 3;08.JATENG-DIY;SURAKARTA;#N/A;#N/A
KEPULAUAN ANAMBAS;AREA 1;02.SUMBAGTENG;BATAM;BATAM;TRUE
KEPULAUAN ARU;AREA 4;13.MALUKU DAN PAPUA;AMBON;AMBON;TRUE
KEPULAUAN MERANTI;AREA 1;02.SUMBAGTENG;BATAM;BATAM;TRUE
KEPULAUAN SANGIHE;AREA 4;12.SULAWESI;MANADO;MANADO;TRUE
KEPULAUAN SELAYAR;AREA 4;12.SULAWESI;MAKASSAR;MAKASSAR;TRUE
KEPULAUAN SULA;AREA 4;12.SULAWESI;PALU;PALU;TRUE
KEPULAUAN YAPEN;AREA 4;13.MALUKU DAN PAPUA;JAYAPURA;JAYAPURA;TRUE
KERINCI;AREA 1;03.SUMBAGSEL;JAMBI;JAMBI;TRUE
KETAPANG;AREA 4;11.KALIMANTAN;PONTIANAK;PONTIANAK;TRUE
KIJANG;AREA 1;02.SUMBAGTENG;TANJUNG PINANG;#N/A;#N/A
KLATEN;AREA 3;08.JATENG-DIY;;SURAKARTA;FALSE
KLATEN;AREA 3;08.JATENG-DIY;SURAKARTA;SURAKARTA;TRUE
KLUNGKUNG;AREA 3;10.BALI NUSRA;DENPASAR;DENPASAR;TRUE
KOLAKA;AREA 4;12.SULAWESI;KENDARI;KENDARI;TRUE
KOLAKA TIMUR;AREA 4;12.SULAWESI;KENDARI;KENDARI;TRUE
KOLAKA UTARA;AREA 4;12.SULAWESI;KENDARI;KENDARI;TRUE
KONAWE;AREA 4;12.SULAWESI;KENDARI;KENDARI;TRUE
KONAWE SELATAN;AREA 4;12.SULAWESI;KENDARI;KENDARI;TRUE
KONAWE UTARA;AREA 4;12.SULAWESI;KENDARI;KENDARI;TRUE
KOTA AMBON;AREA 4;13.MALUKU DAN PAPUA;AMBON;AMBON;TRUE
KOTA B A T A M;AREA 1;02.SUMBAGTENG;BATAM;BATAM;TRUE
KOTA BALIKPAPAN;AREA 4;11.KALIMANTAN;BALIKPAPAN;BALIKPAPAN;TRUE
KOTA BANDA ACEH;AREA 1;01.SUMBAGUT;BANDA ACEH;BANDA ACEH;TRUE
KOTA BANDAR LAMPUNG;AREA 1;03.SUMBAGSEL;LAMPUNG;LAMPUNG;TRUE
KOTA BANDUNG;AREA 2;07.JABAR;BANDUNG;BANDUNG;TRUE
KOTA BANJAR;AREA 2;07.JABAR;TASIKMALAYA;TASIKMALAYA;TRUE
KOTA BANJAR BARU;AREA 4;11.KALIMANTAN;BANJARMASIN;BANJARMASIN;TRUE
KOTA BANJARMASIN;AREA 4;11.KALIMANTAN;BANJARMASIN;BANJARMASIN;TRUE
KOTA BARU;AREA 4;11.KALIMANTAN;BANJARMASIN;BANJARMASIN;TRUE
KOTA BATU;AREA 3;09.JATIM;MALANG;MALANG;TRUE
KOTA BAUBAU;AREA 4;12.SULAWESI;KENDARI;KENDARI;TRUE
KOTA BEKASI;AREA 2;06.EASTERN JABOTABEK;BEKASI;BEKASI;TRUE
KOTA BEKASI;AREA 2;06.EASTERN JABOTABEK;KARAWANG;BEKASI;FALSE
KOTA BENGKULU;AREA 1;03.SUMBAGSEL;BENGKULU;BENGKULU;TRUE
KOTA BIMA;AREA 3;10.BALI NUSRA;MATARAM;MATARAM;TRUE
KOTA BINJAI;AREA 1;01.SUMBAGUT;WESTERN MEDAN;WESTERN MEDAN;TRUE
KOTA BITUNG;AREA 4;12.SULAWESI;MANADO;MANADO;TRUE
KOTA BLITAR;AREA 3;09.JATIM;MALANG;MALANG;TRUE
KOTA BOGOR;AREA 2;06.EASTERN JABOTABEK;BOGOR;BOGOR;TRUE
KOTA BONTANG;AREA 4;11.KALIMANTAN;SAMARINDA;SAMARINDA;TRUE
KOTA BUKIT TINGGI;AREA 1;02.SUMBAGTENG;PADANG;PADANG;TRUE
KOTA CILEGON;AREA 2;05.WESTERN JABOTABEK;SERANG;SERANG;TRUE
KOTA CIMAHI;AREA 2;07.JABAR;SOREANG;SOREANG;TRUE
KOTA CIREBON;AREA 2;07.JABAR;CIREBON;CIREBON;TRUE
KOTA DENPASAR;AREA 3;10.BALI NUSRA;DENPASAR;DENPASAR;TRUE
KOTA DEPOK;AREA 2;06.EASTERN JABOTABEK;BEKASI;BEKASI;TRUE
KOTA DEPOK;AREA 2;06.EASTERN JABOTABEK;BOGOR;BEKASI;FALSE
KOTA DUMAI;AREA 1;02.SUMBAGTENG;DUMAI;DUMAI;TRUE
KOTA GORONTALO;AREA 4;12.SULAWESI;GORONTALO;GORONTALO;TRUE
KOTA JAMBI;AREA 1;03.SUMBAGSEL;JAMBI;JAMBI;TRUE
KOTA JAYAPURA;AREA 4;13.MALUKU DAN PAPUA;JAYAPURA;JAYAPURA;TRUE
KOTA KEDIRI;AREA 3;09.JATIM;MADIUN;MADIUN;TRUE
KOTA KENDARI;AREA 4;12.SULAWESI;KENDARI;KENDARI;TRUE
KOTA KOTAMOBAGU;AREA 4;12.SULAWESI;GORONTALO;GORONTALO;TRUE
KOTA KUPANG;AREA 3;10.BALI NUSRA;KUPANG;KUPANG;TRUE
KOTA LANGSA;AREA 1;01.SUMBAGUT;WESTERN MEDAN;WESTERN MEDAN;TRUE
KOTA LHOKSEUMAWE;AREA 1;01.SUMBAGUT;BANDA ACEH;BANDA ACEH;TRUE
KOTA LUBUKLINGGAU;AREA 1;03.SUMBAGSEL;BENGKULU;BENGKULU;TRUE
KOTA MADIUN;AREA 3;09.JATIM;MADIUN;MADIUN;TRUE
KOTA MAGELANG;AREA 3;08.JATENG-DIY;YOGYAKARTA;YOGYAKARTA;TRUE
KOTA MAKASSAR;AREA 4;12.SULAWESI;MAKASSAR;MAKASSAR;TRUE
KOTA MALANG;AREA 3;09.JATIM;MALANG;MALANG;TRUE
KOTA MANADO;AREA 4;12.SULAWESI;MANADO;MANADO;TRUE
KOTA MATARAM;AREA 3;10.BALI NUSRA;MATARAM;MATARAM;TRUE
KOTA MEDAN;AREA 1;01.SUMBAGUT;CENTRAL MEDAN;CENTRAL MEDAN;TRUE
KOTA METRO;AREA 1;03.SUMBAGSEL;LAMPUNG;LAMPUNG;TRUE
KOTA MOJOKERTO;AREA 3;09.JATIM;SIDOARJO;SIDOARJO;TRUE
KOTA PADANG;AREA 1;02.SUMBAGTENG;PADANG;PADANG;TRUE
KOTA PADANG PANJANG;AREA 1;02.SUMBAGTENG;PADANG;PADANG;TRUE
KOTA PADANGSIDIMPUAN;AREA 1;01.SUMBAGUT;PADANG SIDEMPUAN;PADANG SIDEMPUAN;TRUE
KOTA PAGAR ALAM;AREA 1;03.SUMBAGSEL;BENGKULU;BENGKULU;TRUE
KOTA PALANGKARAYA;AREA 4;11.KALIMANTAN;PALANGKARAYA;PALANGKARAYA;TRUE
KOTA PALEMBANG;AREA 1;03.SUMBAGSEL;PALEMBANG;PALEMBANG;TRUE
KOTA PALOPO;AREA 4;12.SULAWESI;PARE-PARE;PARE-PARE;TRUE
KOTA PALU;AREA 4;12.SULAWESI;PALU;PALU;TRUE
KOTA PANGKAL PINANG;AREA 1;03.SUMBAGSEL;PANGKAL PINANG;PANGKAL PINANG;TRUE
KOTA PARE-PARE;AREA 4;12.SULAWESI;PARE-PARE;PARE-PARE;TRUE
KOTA PARIAMAN;AREA 1;02.SUMBAGTENG;PADANG;PADANG;TRUE
KOTA PASURUAN;AREA 3;09.JATIM;SIDOARJO;SIDOARJO;TRUE
KOTA PAYAKUMBUH;AREA 1;02.SUMBAGTENG;PADANG;PADANG;TRUE
KOTA PEKALONGAN;AREA 3;08.JATENG-DIY;PEKALONGAN;PEKALONGAN;TRUE
KOTA PEKANBARU;AREA 1;02.SUMBAGTENG;PEKANBARU;PEKANBARU;TRUE
KOTA PEMATANG SIANTAR;AREA 1;01.SUMBAGUT;PEMATANG SIANTAR;PEMATANG SIANTAR;TRUE
KOTA PONTIANAK;AREA 4;11.KALIMANTAN;PONTIANAK;PONTIANAK;TRUE
KOTA PRABUMULIH;AREA 1;03.SUMBAGSEL;PALEMBANG;PALEMBANG;TRUE
KOTA PROBOLINGGO;AREA 3;09.JATIM;JEMBER;JEMBER;TRUE
KOTA SABANG;AREA 1;01.SUMBAGUT;BANDA ACEH;BANDA ACEH;TRUE
KOTA SALATIGA;AREA 3;08.JATENG-DIY;SEMARANG;SEMARANG;TRUE
KOTA SAMARINDA;AREA 4;11.KALIMANTAN;SAMARINDA;SAMARINDA;TRUE
KOTA SAWAH LUNTO;AREA 1;02.SUMBAGTENG;PADANG;PADANG;TRUE
KOTA SEMARANG;AREA 3;08.JATENG-DIY;SEMARANG;SEMARANG;TRUE
KOTA SERANG;AREA 2;05.WESTERN JABOTABEK;SERANG;SERANG;TRUE
KOTA SIBOLGA;AREA 1;01.SUMBAGUT;PADANG SIDEMPUAN;PADANG SIDEMPUAN;TRUE
KOTA SINGKAWANG;AREA 4;11.KALIMANTAN;PONTIANAK;PONTIANAK;TRUE
KOTA SOLOK;AREA 1;02.SUMBAGTENG;PADANG;PADANG;TRUE
KOTA SORONG;AREA 4;13.MALUKU DAN PAPUA;;SORONG;FALSE
KOTA SORONG;AREA 4;13.MALUKU DAN PAPUA;SORONG;SORONG;TRUE
KOTA SUBULUSSALAM;AREA 1;01.SUMBAGUT;BANDA ACEH;BANDA ACEH;TRUE
KOTA SUKABUMI;AREA 2;06.EASTERN JABOTABEK;BOGOR;BOGOR;TRUE
KOTA SUNGAI PENUH;AREA 1;03.SUMBAGSEL;JAMBI;JAMBI;TRUE
KOTA SURABAYA;AREA 3;09.JATIM;SURABAYA;SURABAYA;TRUE
KOTA SURAKARTA;AREA 3;08.JATENG-DIY;SURAKARTA;SURAKARTA;TRUE
KOTA TANGERANG;AREA 2;05.WESTERN JABOTABEK;TANGERANG;TANGERANG;TRUE
KOTA TANGERANG SELATAN;AREA 2;05.WESTERN JABOTABEK;TANGERANG;TANGERANG;TRUE
KOTA TANJUNG BALAI;AREA 1;01.SUMBAGUT;PEMATANG SIANTAR;PEMATANG SIANTAR;TRUE
KOTA TANJUNG PINANG;AREA 1;02.SUMBAGTENG;BATAM;BATAM;TRUE
KOTA TARAKAN;AREA 4;11.KALIMANTAN;TARAKAN;TARAKAN;TRUE
KOTA TASIKMALAYA;AREA 2;07.JABAR;TASIKMALAYA;TASIKMALAYA;TRUE
KOTA TEBING TINGGI;AREA 1;01.SUMBAGUT;PEMATANG SIANTAR;PEMATANG SIANTAR;TRUE
KOTA TEGAL;AREA 3;08.JATENG-DIY;PEKALONGAN;PEKALONGAN;TRUE
KOTA TERNATE;AREA 4;12.SULAWESI;MANADO;MANADO;TRUE
KOTA TIDORE KEPULAUAN;AREA 4;12.SULAWESI;MANADO;MANADO;TRUE
KOTA TOMOHON;AREA 4;12.SULAWESI;MANADO;MANADO;TRUE
KOTA TUAL;AREA 4;13.MALUKU DAN PAPUA;AMBON;AMBON;TRUE
KOTA WARINGIN BARAT;AREA 4;11.KALIMANTAN;PALANGKARAYA;PALANGKARAYA;TRUE
KOTA WARINGIN TIMUR;AREA 4;11.KALIMANTAN;PALANGKARAYA;PALANGKARAYA;TRUE
KOTA YOGYAKARTA;AREA 3;08.JATENG-DIY;YOGYAKARTA;YOGYAKARTA;TRUE
KOTAMOBAGU;AREA 4;12.SULAWESI;GORONTALO;#N/A;#N/A
KUANTAN SINGINGI;AREA 1;02.SUMBAGTENG;PEKANBARU;PEKANBARU;TRUE
KUBU RAYA;AREA 4;11.KALIMANTAN;PONTIANAK;PONTIANAK;TRUE
KUDUS;AREA 3;08.JATENG-DIY;SEMARANG;SEMARANG;TRUE
KULON PROGO;AREA 3;08.JATENG-DIY;YOGYAKARTA;YOGYAKARTA;TRUE
KUNINGAN;AREA 2;07.JABAR;CIREBON;CIREBON;TRUE
KUPANG;AREA 3;10.BALI NUSRA;KUPANG;KUPANG;TRUE
KUTAI BARAT;AREA 4;11.KALIMANTAN;SAMARINDA;SAMARINDA;TRUE
KUTAI KARTANEGARA;AREA 4;11.KALIMANTAN;SAMARINDA;SAMARINDA;TRUE
KUTAI TIMUR;AREA 4;11.KALIMANTAN;SAMARINDA;SAMARINDA;TRUE
LABUHAN BATU;AREA 1;01.SUMBAGUT;PADANG SIDEMPUAN;PADANG SIDEMPUAN;TRUE
LABUHAN BATU;AREA 1;01.SUMBAGUT;PEMATANG SIANTAR;PADANG SIDEMPUAN;FALSE
LABUHAN BATU SELATAN;AREA 1;01.SUMBAGUT;PADANG SIDEMPUAN;PADANG SIDEMPUAN;TRUE
LABUHAN BATU UTARA;AREA 1;01.SUMBAGUT;PEMATANG SIANTAR;PEMATANG SIANTAR;TRUE
LAHAT;AREA 1;03.SUMBAGSEL;BENGKULU;BENGKULU;TRUE
LAMANDAU;AREA 4;11.KALIMANTAN;PALANGKARAYA;PALANGKARAYA;TRUE
LAMONGAN;AREA 3;09.JATIM;LAMONGAN;LAMONGAN;TRUE
LAMPUNG BARAT;AREA 1;03.SUMBAGSEL;LAMPUNG;LAMPUNG;TRUE
LAMPUNG SELATAN;AREA 1;03.SUMBAGSEL;LAMPUNG;LAMPUNG;TRUE
LAMPUNG TENGAH;AREA 1;03.SUMBAGSEL;LAMPUNG;LAMPUNG;TRUE
LAMPUNG TIMUR;AREA 1;03.SUMBAGSEL;LAMPUNG;LAMPUNG;TRUE
LAMPUNG UTARA;AREA 1;03.SUMBAGSEL;LAMPUNG;LAMPUNG;TRUE
LANDAK;AREA 4;11.KALIMANTAN;PONTIANAK;PONTIANAK;TRUE
LANGKAT;AREA 1;01.SUMBAGUT;WESTERN MEDAN;WESTERN MEDAN;TRUE
LEBAK;AREA 2;05.WESTERN JABOTABEK;SERANG;SERANG;TRUE
LEBONG;AREA 1;03.SUMBAGSEL;BENGKULU;BENGKULU;TRUE
LEMBATA;AREA 3;10.BALI NUSRA;KUPANG;KUPANG;TRUE
LIMA PULUH KOTA;AREA 1;02.SUMBAGTENG;PADANG;PADANG;TRUE
LINGGA;AREA 1;02.SUMBAGTENG;BATAM;BATAM;TRUE
LOMBOK BARAT;AREA 3;10.BALI NUSRA;MATARAM;MATARAM;TRUE
LOMBOK TENGAH;AREA 3;10.BALI NUSRA;MATARAM;MATARAM;TRUE
LOMBOK TIMUR;AREA 3;10.BALI NUSRA;MATARAM;MATARAM;TRUE
LOMBOK UTARA;AREA 3;10.BALI NUSRA;MATARAM;MATARAM;TRUE
LUMAJANG;AREA 3;09.JATIM;JEMBER;JEMBER;TRUE
LUWU;AREA 4;12.SULAWESI;PARE-PARE;PARE-PARE;TRUE
LUWU TIMUR;AREA 4;12.SULAWESI;PARE-PARE;PARE-PARE;TRUE
LUWU UTARA;AREA 4;12.SULAWESI;PARE-PARE;PARE-PARE;TRUE
MADIUN;AREA 3;09.JATIM;MADIUN;MADIUN;TRUE
MAGELANG;AREA 3;08.JATENG-DIY;YOGYAKARTA;YOGYAKARTA;TRUE
MAGETAN;AREA 3;08.JATENG-DIY;SURAKARTA;MADIUN;FALSE
MAGETAN;AREA 3;09.JATIM;MADIUN;MADIUN;TRUE
MAHAKAM ULU;AREA 4;11.KALIMANTAN;SAMARINDA;SAMARINDA;TRUE
MAJALENGKA;AREA 2;07.JABAR;CIREBON;CIREBON;TRUE
MAJENE;AREA 4;12.SULAWESI;PARE-PARE;PARE-PARE;TRUE
MALAKA;AREA 3;10.BALI NUSRA;KUPANG;KUPANG;TRUE
MALANG;AREA 3;09.JATIM;MALANG;MALANG;TRUE
MALANGJIWAN;AREA 3;08.JATENG-DIY;SRAGEN;#N/A;#N/A
MALINAU;AREA 4;11.KALIMANTAN;TARAKAN;TARAKAN;TRUE
MALUKU BARAT DAYA;AREA 4;13.MALUKU DAN PAPUA;AMBON;AMBON;TRUE
MALUKU TENGAH;AREA 4;13.MALUKU DAN PAPUA;AMBON;AMBON;TRUE
MALUKU TENGGARA;AREA 4;13.MALUKU DAN PAPUA;AMBON;AMBON;TRUE
MALUKU TENGGARA BARAT;AREA 4;13.MALUKU DAN PAPUA;AMBON;AMBON;TRUE
MAMASA;AREA 4;12.SULAWESI;PARE-PARE;PARE-PARE;TRUE
MAMUJU;AREA 4;12.SULAWESI;PALU;PALU;TRUE
MAMUJU TENGAH;AREA 4;12.SULAWESI;PALU;PALU;TRUE
MAMUJU UTARA;AREA 4;12.SULAWESI;PALU;PALU;TRUE
MANDAILING NATAL;AREA 1;01.SUMBAGUT;PADANG SIDEMPUAN;PADANG SIDEMPUAN;TRUE
MANGGARAI;AREA 3;10.BALI NUSRA;KUPANG;KUPANG;TRUE
MANGGARAI BARAT;AREA 3;10.BALI NUSRA;KUPANG;KUPANG;TRUE
MANGGARAI TIMUR;AREA 3;10.BALI NUSRA;KUPANG;KUPANG;TRUE
MANOKWARI;AREA 4;13.MALUKU DAN PAPUA;SORONG;SORONG;TRUE
MANOKWARI SELATAN;AREA 4;13.MALUKU DAN PAPUA;SORONG;SORONG;TRUE
MAROS;AREA 4;12.SULAWESI;MAKASSAR;MAKASSAR;TRUE
MELAWI;AREA 4;11.KALIMANTAN;PONTIANAK;PONTIANAK;TRUE
MELAYU;AREA 4;12.SULAWESI;KOTA MAKASSAR;#N/A;#N/A
MEMPAWAH;AREA 4;11.KALIMANTAN;PONTIANAK;PONTIANAK;TRUE
MERANGIN;AREA 1;03.SUMBAGSEL;JAMBI;JAMBI;TRUE
MERAUKE;AREA 4;13.MALUKU DAN PAPUA;TIMIKA;TIMIKA;TRUE
MESUJI;AREA 1;03.SUMBAGSEL;PALEMBANG;PALEMBANG;TRUE
MIMIKA;AREA 4;13.MALUKU DAN PAPUA;TIMIKA;TIMIKA;TRUE
MINAHASA;AREA 4;12.SULAWESI;MANADO;MANADO;TRUE
MINAHASA SELATAN;AREA 4;12.SULAWESI;MANADO;MANADO;TRUE
MINAHASA TENGGARA;AREA 4;12.SULAWESI;MANADO;MANADO;TRUE
MINAHASA UTARA;AREA 4;12.SULAWESI;MANADO;MANADO;TRUE
MOJOKERTO;AREA 3;09.JATIM;SIDOARJO;SIDOARJO;TRUE
MOROWALI;AREA 4;12.SULAWESI;PALU;PALU;TRUE
MOROWALI UTARA;AREA 4;12.SULAWESI;PALU;PALU;TRUE
MUARA ENIM;AREA 1;03.SUMBAGSEL;BENGKULU;BENGKULU;TRUE
MUARA ENIM;AREA 1;03.SUMBAGSEL;PALEMBANG;BENGKULU;FALSE
MUARO JAMBI;AREA 1;03.SUMBAGSEL;JAMBI;JAMBI;TRUE
MUKOMUKO;AREA 1;03.SUMBAGSEL;BENGKULU;BENGKULU;TRUE
MUNA;AREA 4;12.SULAWESI;KENDARI;KENDARI;TRUE
MUNA BARAT;AREA 4;12.SULAWESI;KENDARI;KENDARI;TRUE
MURUNG RAYA;AREA 4;11.KALIMANTAN;PALANGKARAYA;PALANGKARAYA;TRUE
MUSI BANYUASIN;AREA 1;03.SUMBAGSEL;PALEMBANG;PALEMBANG;TRUE
MUSI RAWAS;AREA 1;03.SUMBAGSEL;BENGKULU;BENGKULU;TRUE
MUSI RAWAS UTARA;AREA 1;03.SUMBAGSEL;BENGKULU;BENGKULU;TRUE
NABIRE;AREA 4;13.MALUKU DAN PAPUA;SORONG;SORONG;TRUE
NAGAN RAYA;AREA 1;01.SUMBAGUT;BANDA ACEH;BANDA ACEH;TRUE
NAGEKEO;AREA 3;10.BALI NUSRA;KUPANG;KUPANG;TRUE
NATUNA;AREA 1;02.SUMBAGTENG;BATAM;BATAM;TRUE
NGADA;AREA 3;10.BALI NUSRA;KUPANG;KUPANG;TRUE
NGANJUK;AREA 3;09.JATIM;MADIUN;MADIUN;TRUE
NGAWI;AREA 3;09.JATIM;LAMONGAN;LAMONGAN;TRUE
NIAS;AREA 1;01.SUMBAGUT;PADANG SIDEMPUAN;PADANG SIDEMPUAN;TRUE
NIAS BARAT;AREA 1;01.SUMBAGUT;PADANG SIDEMPUAN;PADANG SIDEMPUAN;TRUE
NIAS SELATAN;AREA 1;01.SUMBAGUT;PADANG SIDEMPUAN;PADANG SIDEMPUAN;TRUE
NIAS UTARA;AREA 1;01.SUMBAGUT;PADANG SIDEMPUAN;PADANG SIDEMPUAN;TRUE
NUNUKAN;AREA 4;11.KALIMANTAN;TARAKAN;TARAKAN;TRUE
OGAN ILIR;AREA 1;03.SUMBAGSEL;PALEMBANG;PALEMBANG;TRUE
OGAN KOMERING ILIR;AREA 1;03.SUMBAGSEL;PALEMBANG;PALEMBANG;TRUE
OGAN KOMERING ULU;AREA 1;03.SUMBAGSEL;PALEMBANG;PALEMBANG;TRUE
OGAN KOMERING ULU SELATAN;AREA 1;03.SUMBAGSEL;PALEMBANG;PALEMBANG;TRUE
OGAN KOMERING ULU TIMUR;AREA 1;03.SUMBAGSEL;PALEMBANG;PALEMBANG;TRUE
PACITAN;AREA 3;09.JATIM;MADIUN;MADIUN;TRUE
PADANG LAWAS;AREA 1;01.SUMBAGUT;PADANG SIDEMPUAN;PADANG SIDEMPUAN;TRUE
PADANG LAWAS UTARA;AREA 1;01.SUMBAGUT;PADANG SIDEMPUAN;PADANG SIDEMPUAN;TRUE
PADANG PARIAMAN;AREA 1;02.SUMBAGTENG;PADANG;PADANG;TRUE
PAKPAK BHARAT;AREA 1;01.SUMBAGUT;PEMATANG SIANTAR;PEMATANG SIANTAR;TRUE
PAMEKASAN;AREA 3;09.JATIM;SURABAYA;SURABAYA;TRUE
PANDEGLANG;AREA 2;05.WESTERN JABOTABEK;SERANG;SERANG;TRUE
PANGANDARAN;AREA 2;07.JABAR;TASIKMALAYA;TASIKMALAYA;TRUE
PANGKAJENE DAN KEPULAUAN;AREA 4;12.SULAWESI;MAKASSAR;MAKASSAR;TRUE
PARIGI MOUTONG;AREA 4;12.SULAWESI;PALU;PALU;TRUE
PASAMAN;AREA 1;02.SUMBAGTENG;PADANG;PADANG;TRUE
PASAMAN BARAT;AREA 1;02.SUMBAGTENG;PADANG;PADANG;TRUE
PASER;AREA 4;11.KALIMANTAN;BALIKPAPAN;BALIKPAPAN;TRUE
PASURUAN;AREA 3;09.JATIM;SIDOARJO;SIDOARJO;TRUE
PATI;AREA 3;08.JATENG-DIY;SEMARANG;SEMARANG;TRUE
PAYAKUMBUH;AREA 1;02.SUMBAGTENG;;#N/A;#N/A
PAYAKUMBUH;AREA 1;02.SUMBAGTENG;BUKIT TINGGI;#N/A;#N/A
PEKALONGAN;AREA 3;08.JATENG-DIY;PANTURA;PEKALONGAN;FALSE
PEKALONGAN;AREA 3;08.JATENG-DIY;PEKALONGAN;PEKALONGAN;TRUE
PEKANBARU;AREA 1;02.SUMBAGTENG;ROKAN HULU;#N/A;#N/A
PELALAWAN;AREA 1;02.SUMBAGTENG;GREATER PEKANBARU;PEKANBARU;FALSE
PELALAWAN;AREA 1;02.SUMBAGTENG;PEKANBARU;PEKANBARU;TRUE
PEMALANG;AREA 3;08.JATENG-DIY;PEKALONGAN;PEKALONGAN;TRUE
PENAJAM PASER UTARA;AREA 4;11.KALIMANTAN;BALIKPAPAN;BALIKPAPAN;TRUE
PENUKAL ABAB LEMATANG ILIR;AREA 1;03.SUMBAGSEL;PALEMBANG;PALEMBANG;TRUE
PERAK TIMUR;AREA 3;09.JATIM;MADURA;#N/A;#N/A
PERDAGANGAN;AREA 1;01.SUMBAGUT;ASAHAN;#N/A;#N/A
PESAWARAN;AREA 1;03.SUMBAGSEL;LAMPUNG;LAMPUNG;TRUE
PESISIR BARAT;AREA 1;03.SUMBAGSEL;LAMPUNG;LAMPUNG;TRUE
PESISIR SELATAN;AREA 1;02.SUMBAGTENG;PADANG;PADANG;TRUE
PIDIE;AREA 1;01.SUMBAGUT;BANDA ACEH;BANDA ACEH;TRUE
PIDIE JAYA;AREA 1;01.SUMBAGUT;BANDA ACEH;BANDA ACEH;TRUE
PINRANG;AREA 4;12.SULAWESI;;PARE-PARE;FALSE
PINRANG;AREA 4;12.SULAWESI;PARE MAJENE;PARE-PARE;FALSE
PINRANG;AREA 4;12.SULAWESI;PARE-PARE;PARE-PARE;TRUE
POHUWATO;AREA 4;12.SULAWESI;GORONTALO;GORONTALO;TRUE
POLEWALI MANDAR;AREA 4;12.SULAWESI;PARE-PARE;PARE-PARE;TRUE
PONOROGO;AREA 3;09.JATIM;MADIUN;MADIUN;TRUE
POSO;AREA 4;12.SULAWESI;PALU;PALU;TRUE
PRINGSEWU;AREA 1;03.SUMBAGSEL;LAMPUNG;LAMPUNG;TRUE
PROBOLINGGO;AREA 3;09.JATIM;JEMBER;JEMBER;TRUE
PULANG PISAU;AREA 4;11.KALIMANTAN;PALANGKARAYA;PALANGKARAYA;TRUE
PULAU MOROTAI;AREA 4;12.SULAWESI;MANADO;MANADO;TRUE
PULAU TALIABU;AREA 4;12.SULAWESI;PALU;PALU;TRUE
PURBALINGGA;AREA 3;08.JATENG-DIY;PURWOKERTO;PURWOKERTO;TRUE
PURI;AREA 3;09.JATIM;NEW SIDOARJO;#N/A;#N/A
PURWAKARTA;AREA 2;06.EASTERN JABOTABEK;KARAWANG;KARAWANG;TRUE
PURWOREJO;AREA 3;08.JATENG-DIY;YOGYAKARTA;YOGYAKARTA;TRUE
RAJA AMPAT;AREA 4;13.MALUKU DAN PAPUA;SORONG;SORONG;TRUE
RAMBAH;AREA 1;02.SUMBAGTENG;ROKAN HULU;#N/A;#N/A
REJANG LEBONG;AREA 1;03.SUMBAGSEL;BENGKULU;BENGKULU;TRUE
REMBANG;AREA 3;08.JATENG-DIY;SEMARANG;SEMARANG;TRUE
ROKAN HILIR;AREA 1;02.SUMBAGTENG;DUMAI;DUMAI;TRUE
ROKAN HULU;AREA 1;02.SUMBAGTENG;DUMAI;DUMAI;TRUE
ROTE NDAO;AREA 3;10.BALI NUSRA;KUPANG;KUPANG;TRUE
S I A K;AREA 1;02.SUMBAGTENG;DUMAI;DUMAI;TRUE
S I A K;AREA 1;02.SUMBAGTENG;PEKANBARU;DUMAI;FALSE
SABU RAIJUA;AREA 3;10.BALI NUSRA;KUPANG;KUPANG;TRUE
SAMBAS;AREA 4;11.KALIMANTAN;PONTIANAK;PONTIANAK;TRUE
SAMOSIR;AREA 1;01.SUMBAGUT;PEMATANG SIANTAR;PEMATANG SIANTAR;TRUE
SAMPANG;AREA 3;09.JATIM;SURABAYA;SURABAYA;TRUE
SANGGAU;AREA 4;11.KALIMANTAN;PONTIANAK;PONTIANAK;TRUE
SARMI;AREA 4;13.MALUKU DAN PAPUA;JAYAPURA;JAYAPURA;TRUE
SAROLANGUN;AREA 1;03.SUMBAGSEL;JAMBI;JAMBI;TRUE
SEKADAU;AREA 4;11.KALIMANTAN;PONTIANAK;PONTIANAK;TRUE
SELUMA;AREA 1;03.SUMBAGSEL;BENGKULU;BENGKULU;TRUE
SEMARANG;AREA 3;08.JATENG-DIY;;SEMARANG;FALSE
SEMARANG;AREA 3;08.JATENG-DIY;SEMARANG;SEMARANG;TRUE
SERAM BAGIAN BARAT;AREA 4;13.MALUKU DAN PAPUA;;AMBON;FALSE
SERAM BAGIAN BARAT;AREA 4;13.MALUKU DAN PAPUA;AMBON;AMBON;TRUE
SERAM BAGIAN TIMUR;AREA 4;13.MALUKU DAN PAPUA;AMBON;AMBON;TRUE
SERANG;AREA 2;05.WESTERN JABOTABEK;SERANG;SERANG;TRUE
SERDANG BEDAGAI;AREA 1;01.SUMBAGUT;CENTRAL MEDAN;CENTRAL MEDAN;TRUE
SERDANG BEDAGAI;AREA 1;01.SUMBAGUT;PEMATANG SIANTAR;CENTRAL MEDAN;FALSE
SERUYAN;AREA 4;11.KALIMANTAN;PALANGKARAYA;PALANGKARAYA;TRUE
SIAU TAGULANDANG BIARO;AREA 4;12.SULAWESI;MANADO;MANADO;TRUE
SIDENRENG RAPPANG;AREA 4;12.SULAWESI;PARE-PARE;PARE-PARE;TRUE
SIDOARJO;AREA 3;09.JATIM;SIDOARJO;SIDOARJO;TRUE
SIGI;AREA 4;12.SULAWESI;PALU;PALU;TRUE
SIJUNJUNG;AREA 1;02.SUMBAGTENG;PADANG;PADANG;TRUE
SIKKA;AREA 3;10.BALI NUSRA;KUPANG;KUPANG;TRUE
SIMALUNGUN;AREA 1;01.SUMBAGUT;PEMATANG SIANTAR;PEMATANG SIANTAR;TRUE
SIMEULUE;AREA 1;01.SUMBAGUT;BANDA ACEH;BANDA ACEH;TRUE
SINJAI;AREA 4;12.SULAWESI;MAKASSAR;MAKASSAR;TRUE
SINTANG;AREA 4;11.KALIMANTAN;PONTIANAK;PONTIANAK;TRUE
SITUBONDO;AREA 3;09.JATIM;JEMBER;JEMBER;TRUE
SLEMAN;AREA 3;08.JATENG-DIY;YOGYAKARTA;YOGYAKARTA;TRUE
SOFIFI;AREA 4;12.SULAWESI;TERNATE;#N/A;#N/A
SOLOK;AREA 1;02.SUMBAGTENG;PADANG;PADANG;TRUE
SOLOK;AREA 1;02.SUMBAGTENG;SOLOK SRAYA;PADANG;FALSE
SOLOK SELATAN;AREA 1;02.SUMBAGTENG;PADANG;PADANG;TRUE
SOPPENG;AREA 4;12.SULAWESI;MAKASSAR;MAKASSAR;TRUE
SORONG;AREA 4;13.MALUKU DAN PAPUA;SORONG;SORONG;TRUE
SORONG;AREA 4;13.MALUKU DAN PAPUA;SORONG RAJA AMPAT;SORONG;FALSE
SORONG SELATAN;AREA 4;13.MALUKU DAN PAPUA;SORONG;SORONG;TRUE
SRAGEN;AREA 3;08.JATENG-DIY;SURAKARTA;SURAKARTA;TRUE
STABAT;AREA 1;01.SUMBAGUT;LANGKAT;#N/A;#N/A
store_city;store_area;store_region;store_branch;#N/A;#N/A
SUBANG;AREA 2;07.JABAR;BANDUNG;BANDUNG;TRUE
SUKABUMI;AREA 2;06.EASTERN JABOTABEK;BOGOR;BOGOR;TRUE
SUKAMARA;AREA 4;11.KALIMANTAN;PALANGKARAYA;PALANGKARAYA;TRUE
SUKOHARJO;AREA 3;08.JATENG-DIY;SURAKARTA;SURAKARTA;TRUE
SUMBA BARAT;AREA 3;10.BALI NUSRA;KUPANG;KUPANG;TRUE
SUMBA BARAT DAYA;AREA 3;10.BALI NUSRA;KUPANG;KUPANG;TRUE
SUMBA TENGAH;AREA 3;10.BALI NUSRA;KUPANG;KUPANG;TRUE
SUMBA TIMUR;AREA 3;10.BALI NUSRA;KUPANG;KUPANG;TRUE
SUMBAWA;AREA 3;10.BALI NUSRA;MATARAM;MATARAM;TRUE
SUMBAWA BARAT;AREA 3;10.BALI NUSRA;MATARAM;MATARAM;TRUE
SUMEDANG;AREA 2;07.JABAR;SOREANG;SOREANG;TRUE
SUMEDANG;AREA 2;07.JABAR;SUMEDANG;SOREANG;FALSE
SUMENEP;AREA 3;09.JATIM;;SURABAYA;FALSE
SUMENEP;AREA 3;09.JATIM;MADURA;SURABAYA;FALSE
SUMENEP;AREA 3;09.JATIM;SURABAYA;SURABAYA;TRUE
TABALONG;AREA 4;11.KALIMANTAN;BANJARMASIN;BANJARMASIN;TRUE
TABANAN;AREA 3;10.BALI NUSRA;DENPASAR;DENPASAR;TRUE
TAKALAR;AREA 4;12.SULAWESI;MAKASSAR;MAKASSAR;TRUE
TALIWANG;AREA 3;10.BALI NUSRA;MATARAM;#N/A;#N/A
TANA TIDUNG;AREA 4;11.KALIMANTAN;TARAKAN;TARAKAN;TRUE
TANA TORAJA;AREA 4;12.SULAWESI;PARE-PARE;PARE-PARE;TRUE
TANAH BUMBU;AREA 4;11.KALIMANTAN;BANJARMASIN;BANJARMASIN;TRUE
TANAH DATAR;AREA 1;02.SUMBAGTENG;PADANG;PADANG;TRUE
TANAH LAUT;AREA 4;11.KALIMANTAN;BANJARMASIN;BANJARMASIN;TRUE
TANGERANG;AREA 2;05.WESTERN JABOTABEK;SERANG;SERANG;TRUE
TANGERANG;AREA 2;05.WESTERN JABOTABEK;TANGERANG;SERANG;FALSE
TANGGAMUS;AREA 1;03.SUMBAGSEL;LAMPUNG;LAMPUNG;TRUE
TANGKERANG;AREA 1;02.SUMBAGTENG;ROKAN HULU;#N/A;#N/A
TANJUNG JABUNG BARAT;AREA 1;03.SUMBAGSEL;JAMBI;JAMBI;TRUE
TANJUNG JABUNG TIMUR;AREA 1;03.SUMBAGSEL;JAMBI;JAMBI;TRUE
TAPANULI SELATAN;AREA 1;01.SUMBAGUT;PADANG SIDEMPUAN;PADANG SIDEMPUAN;TRUE
TAPANULI TENGAH;AREA 1;01.SUMBAGUT;PADANG SIDEMPUAN;PADANG SIDEMPUAN;TRUE
TAPANULI UTARA;AREA 1;01.SUMBAGUT;PADANG SIDEMPUAN;PADANG SIDEMPUAN;TRUE
TAPIN;AREA 4;11.KALIMANTAN;BANJARMASIN;BANJARMASIN;TRUE
TARAKAN;AREA 4;11.KALIMANTAN;KALTARA;#N/A;#N/A
TASIKMALAYA;AREA 2;07.JABAR;TASIKMALAYA;TASIKMALAYA;TRUE
TEBO;AREA 1;03.SUMBAGSEL;JAMBI;JAMBI;TRUE
TEGAL;AREA 3;08.JATENG-DIY;PEKALONGAN;PEKALONGAN;TRUE
TELUK BINTUNI;AREA 4;13.MALUKU DAN PAPUA;SORONG;SORONG;TRUE
TELUK WONDAMA;AREA 4;13.MALUKU DAN PAPUA;SORONG;SORONG;TRUE
TEMANGGUNG;AREA 3;08.JATENG-DIY;YOGYAKARTA;YOGYAKARTA;TRUE
TIMOR TENGAH SELATAN;AREA 3;10.BALI NUSRA;KUPANG;KUPANG;TRUE
TIMOR TENGAH UTARA;AREA 3;10.BALI NUSRA;KUPANG;KUPANG;TRUE
TOBA SAMOSIR;AREA 1;01.SUMBAGUT;PEMATANG SIANTAR;PEMATANG SIANTAR;TRUE
TOJO UNA-UNA;AREA 4;12.SULAWESI;PALU;PALU;TRUE
TOLIKARA;AREA 4;13.MALUKU DAN PAPUA;JAYAPURA;JAYAPURA;TRUE
TOLI-TOLI;AREA 4;12.SULAWESI;PALU;PALU;TRUE
TORAJA UTARA;AREA 4;12.SULAWESI;PARE-PARE;PARE-PARE;TRUE
TRENGGALEK;AREA 3;09.JATIM;MALANG;MALANG;TRUE
TUBAN;AREA 3;09.JATIM;LAMONGAN;LAMONGAN;TRUE
TULANG BAWANG BARAT;AREA 1;03.SUMBAGSEL;LAMPUNG;LAMPUNG;TRUE
TULANGBAWANG;AREA 1;03.SUMBAGSEL;LAMPUNG;LAMPUNG;TRUE
TULUNGAGUNG;AREA 3;09.JATIM;MALANG;MALANG;TRUE
UTARA;AREA 3;09.JATIM;MADURA;#N/A;#N/A
WAJO;AREA 4;12.SULAWESI;PARE-PARE;PARE-PARE;TRUE
WAKATOBI;AREA 4;12.SULAWESI;KENDARI;KENDARI;TRUE
WAY KANAN;AREA 1;03.SUMBAGSEL;LAMPUNG;LAMPUNG;TRUE
WONOGIRI;AREA 3;08.JATENG-DIY;SURAKARTA;SURAKARTA;TRUE
WONOSOBO;AREA 3;08.JATENG-DIY;YOGYAKARTA;YOGYAKARTA;TRUE
;AREA 1;01.SUMBAGUT;ACEH;#N/A;#N/A
;AREA 1;01.SUMBAGUT;ASAHAN;#N/A;#N/A
;AREA 1;01.SUMBAGUT;KARO;#N/A;#N/A
;AREA 1;01.SUMBAGUT;LANGKAT;#N/A;#N/A
;AREA 1;01.SUMBAGUT;MEULABOH;#N/A;#N/A
;AREA 1;01.SUMBAGUT;SERDANG;#N/A;#N/A
;AREA 1;01.SUMBAGUT;SIANTAR;#N/A;#N/A
;AREA 1;01.SUMBAGUT;SIDEMPUAN;#N/A;#N/A
;AREA 1;01.SUMBAGUT;TAMIANG;#N/A;#N/A
;AREA 1;01.SUMBAGUT;TAPANULI;#N/A;#N/A
;AREA 1;02.SUMBAGTENG;BUKIT TINGGI;#N/A;#N/A
;AREA 1;02.SUMBAGTENG;DUMAI;#N/A;#N/A
;AREA 1;02.SUMBAGTENG;GREATER BATAM;#N/A;#N/A
;AREA 1;02.SUMBAGTENG;GREATER PEKANBARU;#N/A;#N/A
;AREA 1;02.SUMBAGTENG;PADANG PARIAMAN;#N/A;#N/A
;AREA 1;02.SUMBAGTENG;ROKAN HULU;#N/A;#N/A
;AREA 1;02.SUMBAGTENG;SOLOK SRAYA;#N/A;#N/A
;AREA 1;02.SUMBAGTENG;TANJUNG PINANG;#N/A;#N/A
;AREA 1;02.SUMBAGTENG;TEMBILAHAN;#N/A;#N/A
;AREA 1;03.SUMBAGSEL;BANDAR LAMPUNG;#N/A;#N/A
;AREA 1;03.SUMBAGSEL;BANGKA BELITUNG;#N/A;#N/A
;AREA 1;03.SUMBAGSEL;BANYUASIN;#N/A;#N/A
;AREA 1;03.SUMBAGSEL;BUMI RAFFLESIA;#N/A;#N/A
;AREA 1;03.SUMBAGSEL;JAMBI BARAT;#N/A;#N/A
;AREA 1;03.SUMBAGSEL;JAMBI INNER;#N/A;#N/A
;AREA 1;03.SUMBAGSEL;LAMPUNG UTARA;#N/A;#N/A
;AREA 1;03.SUMBAGSEL;MUSI RAWAS;#N/A;#N/A
;AREA 1;03.SUMBAGSEL;OGAN KOMERING;#N/A;#N/A
;AREA 2;04.CENTRAL JABOTABEK;JAKPUSEL;#N/A;#N/A
;AREA 2;04.CENTRAL JABOTABEK;NEW JAKUT;#N/A;#N/A
;AREA 2;05.WESTERN JABOTABEK;KOTA TANGERANG;#N/A;#N/A
;AREA 2;05.WESTERN JABOTABEK;SERANG;#N/A;#N/A
;AREA 2;05.WESTERN JABOTABEK;TANGSEL;#N/A;#N/A
;AREA 2;06.EASTERN JABOTABEK;BEKASI SELATAN;#N/A;#N/A
;AREA 2;06.EASTERN JABOTABEK;BEKASI UTARA;#N/A;#N/A
;AREA 2;06.EASTERN JABOTABEK;KARAWANG PURWAKARTA;#N/A;#N/A
;AREA 2;06.EASTERN JABOTABEK;NEW DEPOK;#N/A;#N/A
;AREA 2;06.EASTERN JABOTABEK;SUKABUMI BOGOR;#N/A;#N/A
;AREA 2;07.JABAR;CIAMIS;#N/A;#N/A
;AREA 2;07.JABAR;CIREBON;#N/A;#N/A
;AREA 2;07.JABAR;GARUT;#N/A;#N/A
;AREA 2;07.JABAR;KOTA BANDUNG;#N/A;#N/A
;AREA 2;07.JABAR;KUNINGAN;#N/A;#N/A
;AREA 2;07.JABAR;SOREANG;#N/A;#N/A
;AREA 2;07.JABAR;SUMEDANG;#N/A;#N/A
;AREA 3;08.JATENG-DIY;DEMAK;#N/A;#N/A
;AREA 3;08.JATENG-DIY;MAGELANG;#N/A;#N/A
;AREA 3;08.JATENG-DIY;PANTURA;#N/A;#N/A
;AREA 3;08.JATENG-DIY;PURWOKERTO RAYA;#N/A;#N/A
;AREA 3;08.JATENG-DIY;SEMARANG;#N/A;#N/A
;AREA 3;08.JATENG-DIY;SRAGEN;#N/A;#N/A
;AREA 3;08.JATENG-DIY;SURAKARTA;#N/A;#N/A
;AREA 3;08.JATENG-DIY;YOGYAKARTA;#N/A;#N/A
;AREA 3;09.JATIM;KOTA SURABAYA;#N/A;#N/A
;AREA 3;09.JATIM;LAMONGAN;#N/A;#N/A
;AREA 3;09.JATIM;MADURA;#N/A;#N/A
;AREA 3;09.JATIM;MANDIRI;#N/A;#N/A
;AREA 3;09.JATIM;NEW SIDOARJO;#N/A;#N/A
;AREA 3;09.JATIM;PONOROGO;#N/A;#N/A
;AREA 3;09.JATIM;TULUNGAGUNG;#N/A;#N/A
;AREA 3;10.BALI NUSRA;BALI BARAT;#N/A;#N/A
;AREA 3;10.BALI NUSRA;BALI TIMUR;#N/A;#N/A
;AREA 3;10.BALI NUSRA;FLORES SUMBA;#N/A;#N/A
;AREA 3;10.BALI NUSRA;KOTA KUPANG;#N/A;#N/A
;AREA 3;10.BALI NUSRA;MATARAM;#N/A;#N/A
;AREA 4;11.KALIMANTAN;BARITO;#N/A;#N/A
;AREA 4;11.KALIMANTAN;BATULICIN;#N/A;#N/A
;AREA 4;11.KALIMANTAN;HULU SUNGAI;#N/A;#N/A
;AREA 4;11.KALIMANTAN;KOTAWARINGIN;#N/A;#N/A
;AREA 4;11.KALIMANTAN;PALANGKARAYA INNER;#N/A;#N/A
;AREA 4;11.KALIMANTAN;SAMBAS;#N/A;#N/A
;AREA 4;12.SULAWESI;EWAKO;#N/A;#N/A
;AREA 4;12.SULAWESI;GORONTALO;#N/A;#N/A
;AREA 4;12.SULAWESI;KENDARI;#N/A;#N/A
;AREA 4;12.SULAWESI;KOTA MAKASSAR;#N/A;#N/A
;AREA 4;12.SULAWESI;LUWUK BANGGAI;#N/A;#N/A
;AREA 4;12.SULAWESI;MINAHASA TALAUD;#N/A;#N/A
;AREA 4;12.SULAWESI;PALU MAMUJU;#N/A;#N/A
;AREA 4;12.SULAWESI;PARE MAJENE;#N/A;#N/A
;AREA 4;12.SULAWESI;TERNATE;#N/A;#N/A
;AREA 4;13.MALUKU DAN PAPUA;JAYAPURA;#N/A;#N/A
;AREA 4;13.MALUKU DAN PAPUA;KEPULAUAN SERAM;#N/A;#N/A
;AREA 4;13.MALUKU DAN PAPUA;MANOKWARI NABIRE;#N/A;#N/A
;AREA 4;13.MALUKU DAN PAPUA;SENTANI;#N/A;#N/A
;AREA 4;13.MALUKU DAN PAPUA;SORONG RAJA AMPAT;#N/A;#N/A
