id;AREA;REGIONAL;BRANCH;CLUSTER;CITY
1;PAMASUKA;MALUKU DAN PAPUA;JAYAPURA;SENTANI;JAYAPURA
2;PAMASUKA;MALUKU DAN PAPUA;SORONG;MANOKWARI NABIRE;MAYBRAT
3;PAMASUKA;MALUKU DAN PAPUA;SORONG;MANOKWARI NABIRE;NABIRE
4;PAMASUKA;KALIMANTAN;PONTIANAK;KHATULISTIWA;KETAPANG
5;PAMASUKA;KALIMANTAN;PONTIANAK;SINTANG;KAPUAS HULU
6;PAMASUKA;KALIMANTAN;PALANGKARAYA;KOTAWARINGIN;KOTA WARINGIN BARAT
7;PAMASUKA;KALIMANTAN;PALANGKARAYA;BARITO;BARITO UTARA
8;PAMASUKA;KALIMANTAN;PALANGKARAYA;PALANGKARAYA INNER;GUNUNG MAS
9;PAMASUKA;MALUKU DAN PAPUA;SORONG;MANOKWARI NABIRE;TELUK WONDAMA
10;PAMASUKA;MALUKU DAN PAPUA;SORONG;MANOKWARI NABIRE;TELUK BINTUNI
11;PAMASUKA;MALUKU DAN PAPUA;TIMIKA;MERAUKE;MAPPI
12;PAMASUKA;MALUKU DAN PAPUA;JAYAPURA;SENTANI;KEPULAUAN YAPEN
13;PAMASUKA;MALUKU DAN PAPUA;JAYAPURA;SENTANI;BIAK NUMFOR
14;PAMASUKA;MALUKU DAN PAPUA;TIMIKA;MERAUKE;ASMAT
15;PAMASUKA;MALUKU DAN PAPUA;TIMIKA;MERAUKE;YAHUKIMO
16;PAMASUKA;MALUKU DAN PAPUA;TIMIKA;MERAUKE;PEGUNUNGAN BINTANG
17;PAMASUKA;MALUKU DAN PAPUA;JAYAPURA;SENTANI;TOLIKARA
18;PAMASUKA;SULAWESI;MANADO;TERNATE;HALMAHERA UTARA
19;PAMASUKA;KALIMANTAN;SAMARINDA;BONTANG;KUTAI TIMUR
20;PAMASUKA;KALIMANTAN;TARAKAN;KALTARA;NUNUKAN
21;JAWA - BALI - NUSRA;BALI NUSRA;KUPANG;KOTA KUPANG;TIMOR TENGAH SELATAN
22;JAWA - BALI - NUSRA;BALI NUSRA;KUPANG;FLORES SUMBA;FLORES TIMUR
23;JAWA - BALI - NUSRA;BALI NUSRA;KUPANG;FLORES SUMBA;ENDE
24;JAWA - BALI - NUSRA;BALI NUSRA;KUPANG;FLORES SUMBA;SUMBA BARAT DAYA
25;PAMASUKA;KALIMANTAN;PONTIANAK;SAMBAS;SAMBAS
26;PAMASUKA;KALIMANTAN;PALANGKARAYA;KOTAWARINGIN;KOTA WARINGIN TIMUR
27;PAMASUKA;MALUKU DAN PAPUA;JAYAPURA;SENTANI;JAYAWIJAYA
28;PAMASUKA;MALUKU DAN PAPUA;JAYAPURA;SENTANI;WAROPEN
29;PAMASUKA;SULAWESI;MANADO;TERNATE;HALMAHERA SELATAN
30;PAMASUKA;MALUKU DAN PAPUA;SORONG;SORONG RAJA AMPAT;RAJA AMPAT
31;JAWA - BALI - NUSRA;BALI NUSRA;KUPANG;FLORES SUMBA;LEMBATA
32;PAMASUKA;KALIMANTAN;BANJARMASIN;BATULICIN;KOTA BARU
33;PAMASUKA;KALIMANTAN;BANJARMASIN;BANJAR;BANJAR
34;PAMASUKA;MALUKU DAN PAPUA;SORONG;MANOKWARI NABIRE;TAMBRAUW
35;PAMASUKA;MALUKU DAN PAPUA;TIMIKA;TIMIKA;MIMIKA
36;PAMASUKA;MALUKU DAN PAPUA;TIMIKA;MERAUKE;BOVEN DIGOEL
37;JAWA - BALI - NUSRA;BALI NUSRA;KUPANG;KOTA KUPANG;TIMOR TENGAH UTARA
38;PAMASUKA;MALUKU DAN PAPUA;TIMIKA;MERAUKE;PUNCAK
39;PAMASUKA;MALUKU DAN PAPUA;JAYAPURA;SENTANI;DOGIYAI
40;PAMASUKA;MALUKU DAN PAPUA;JAYAPURA;SENTANI;INTAN JAYA
41;JAWA - BALI - NUSRA;BALI NUSRA;MATARAM;MATARAM;SUMBAWA
42;JAWA - BALI - NUSRA;JATIM;MALANG;MALANG;MALANG
43;JAWA - BALI - NUSRA;BALI NUSRA;KUPANG;FLORES SUMBA;MANGGARAI BARAT
44;PAMASUKA;KALIMANTAN;PALANGKARAYA;BARITO;BARITO SELATAN
45;PAMASUKA;MALUKU DAN PAPUA;SORONG;MANOKWARI NABIRE;MANOKWARI
46;PAMASUKA;MALUKU DAN PAPUA;JAYAPURA;SENTANI;KEEROM
47;PAMASUKA;MALUKU DAN PAPUA;JAYAPURA;JAYAPURA;KOTA JAYAPURA
48;JAWA - BALI - NUSRA;BALI NUSRA;KUPANG;FLORES SUMBA;SUMBA TENGAH
49;JAWA - BALI - NUSRA;BALI NUSRA;KUPANG;KOTA KUPANG;KOTA KUPANG
50;PAMASUKA;KALIMANTAN;BANJARMASIN;HULU SUNGAI;TAPIN
51;PAMASUKA;KALIMANTAN;BANJARMASIN;HULU SUNGAI;TABALONG
52;PAMASUKA;KALIMANTAN;SAMARINDA;KUTAI;KUTAI BARAT
53;PAMASUKA;MALUKU DAN PAPUA;SORONG;MANOKWARI NABIRE;MANOKWARI SELATAN
54;PAMASUKA;MALUKU DAN PAPUA;SORONG;SORONG RAJA AMPAT;SORONG
55;PAMASUKA;KALIMANTAN;PONTIANAK;SINTANG;SANGGAU
56;PAMASUKA;KALIMANTAN;SAMARINDA;KUTAI;MAHAKAM ULU
57;PAMASUKA;MALUKU DAN PAPUA;SORONG;MANOKWARI NABIRE;PEGUNUNGAN ARFAK
58;PAMASUKA;SULAWESI;MANADO;TERNATE;HALMAHERA BARAT
59;PAMASUKA;MALUKU DAN PAPUA;JAYAPURA;SENTANI;LANNY JAYA
60;PAMASUKA;MALUKU DAN PAPUA;JAYAPURA;SENTANI;SARMI
61;PAMASUKA;SULAWESI;MANADO;TERNATE;PULAU MOROTAI
62;PAMASUKA;SULAWESI;PALU;LUWUK BANGGAI;PULAU TALIABU
63;PAMASUKA;MALUKU DAN PAPUA;SORONG;MANOKWARI NABIRE;SORONG SELATAN
64;PAMASUKA;MALUKU DAN PAPUA;AMBON;KEPULAUAN TUAL;KOTA TUAL
65;PAMASUKA;SULAWESI;MANADO;TERNATE;HALMAHERA TIMUR
66;PAMASUKA;SULAWESI;MANADO;TERNATE;HALMAHERA TENGAH
67;PAMASUKA;SULAWESI;PALU;LUWUK BANGGAI;KEPULAUAN SULA
68;PAMASUKA;MALUKU DAN PAPUA;SORONG;SORONG RAJA AMPAT;KOTA SORONG
69;PAMASUKA;SULAWESI;MANADO;TERNATE;KOTA TERNATE
70;PAMASUKA;SULAWESI;MANADO;TERNATE;KOTA TIDORE KEPULAUAN
71;PAMASUKA;KALIMANTAN;PONTIANAK;SAMBAS;KOTA SINGKAWANG
72;PAMASUKA;MALUKU DAN PAPUA;JAYAPURA;SENTANI;MAMBERAMO TENGAH
73;PAMASUKA;MALUKU DAN PAPUA;JAYAPURA;SENTANI;YALIMO
74;PAMASUKA;MALUKU DAN PAPUA;SORONG;MANOKWARI NABIRE;FAKFAK
75;PAMASUKA;MALUKU DAN PAPUA;TIMIKA;MERAUKE;MERAUKE
76;PAMASUKA;KALIMANTAN;PONTIANAK;KHATULISTIWA;KUBU RAYA
77;PAMASUKA;KALIMANTAN;BANJARMASIN;HULU SUNGAI;HULU SUNGAI SELATAN
78;PAMASUKA;KALIMANTAN;PALANGKARAYA;PALANGKARAYA OUTER;PULANG PISAU
79;PAMASUKA;MALUKU DAN PAPUA;JAYAPURA;SENTANI;PUNCAK JAYA
80;JAWA - BALI - NUSRA;BALI NUSRA;KUPANG;KOTA KUPANG;MALAKA
81;PAMASUKA;KALIMANTAN;BANJARMASIN;HULU SUNGAI;HULU SUNGAI UTARA
82;PAMASUKA;KALIMANTAN;PONTIANAK;SINTANG;SINTANG
83;PAMASUKA;KALIMANTAN;PONTIANAK;KHATULISTIWA;KOTA PONTIANAK
84;PAMASUKA;KALIMANTAN;BALIKPAPAN;KOTA BALIKPAPAN;PENAJAM PASER UTARA
85;PAMASUKA;SULAWESI;GORONTALO;GORONTALO;BOLAANG MONGONDOW
86;PAMASUKA;MALUKU DAN PAPUA;JAYAPURA;SENTANI;PANIAI
87;PAMASUKA;KALIMANTAN;PALANGKARAYA;PALANGKARAYA INNER;KATINGAN
88;PAMASUKA;KALIMANTAN;BANJARMASIN;BATULICIN;TANAH LAUT
89;JAWA - BALI - NUSRA;BALI NUSRA;KUPANG;FLORES SUMBA;NGADA
90;PAMASUKA;KALIMANTAN;PALANGKARAYA;PALANGKARAYA OUTER;KAPUAS
91;PAMASUKA;MALUKU DAN PAPUA;JAYAPURA;SENTANI;DEIYAI
92;PAMASUKA;KALIMANTAN;SAMARINDA;BONTANG;BERAU
93;PAMASUKA;KALIMANTAN;BANJARMASIN;HULU SUNGAI;BARITO KUALA
94;PAMASUKA;KALIMANTAN;BALIKPAPAN;KOTA BALIKPAPAN;PASER
95;PAMASUKA;MALUKU DAN PAPUA;SORONG;MANOKWARI NABIRE;KAIMANA
96;JAWA - BALI - NUSRA;BALI NUSRA;KUPANG;FLORES SUMBA;NAGEKEO
97;PAMASUKA;KALIMANTAN;PONTIANAK;KHATULISTIWA;KAYONG UTARA
98;PAMASUKA;MALUKU DAN PAPUA;JAYAPURA;SENTANI;SUPIORI
99;PAMASUKA;MALUKU DAN PAPUA;JAYAPURA;SENTANI;MAMBERAMO RAYA
100;PAMASUKA;KALIMANTAN;TARAKAN;KALTARA;KOTA TARAKAN
101;PAMASUKA;KALIMANTAN;PONTIANAK;SINTANG;MELAWI
102;PAMASUKA;KALIMANTAN;SAMARINDA;BONTANG;KOTA BONTANG
103;PAMASUKA;KALIMANTAN;TARAKAN;KALTARA;MALINAU
104;JAWA - BALI - NUSRA;BALI NUSRA;KUPANG;FLORES SUMBA;ALOR
105;JAWA - BALI - NUSRA;BALI NUSRA;KUPANG;FLORES SUMBA;SIKKA
106;JAWA - BALI - NUSRA;BALI NUSRA;KUPANG;KOTA KUPANG;ROTE NDAO
107;SUMATERA;SUMBAGUT;BANDA ACEH;BIREUEN;ACEH TENGAH
108;SUMATERA;SUMBAGUT;BANDA ACEH;ACEH;ACEH BESAR
109;JAWA - BALI - NUSRA;BALI NUSRA;KUPANG;FLORES SUMBA;MANGGARAI TIMUR
110;PAMASUKA;KALIMANTAN;PONTIANAK;SAMBAS;LANDAK
111;SUMATERA;SUMBAGUT;BANDA ACEH;ACEH;PIDIE
112;SUMATERA;SUMBAGUT;BANDA ACEH;BIREUEN;BIREUEN
113;PAMASUKA;KALIMANTAN;PONTIANAK;SAMBAS;MEMPAWAH
114;PAMASUKA;MALUKU DAN PAPUA;TIMIKA;MERAUKE;NDUGA
115;SUMATERA;SUMBAGUT;WESTERN MEDAN;TAMIANG;ACEH TIMUR
116;PAMASUKA;KALIMANTAN;BANJARMASIN;BANJAR;KOTA BANJARMASIN
117;SUMATERA;SUMBAGUT;WESTERN MEDAN;TAMIANG;ACEH UTARA
118;PAMASUKA;KALIMANTAN;BANJARMASIN;BANJAR;KOTA BANJAR BARU
119;SUMATERA;SUMBAGUT;BANDA ACEH;MEULABOH;ACEH JAYA
120;SUMATERA;SUMBAGUT;WESTERN MEDAN;TAMIANG;KOTA LANGSA
121;SUMATERA;SUMBAGUT;PADANG SIDEMPUAN;SIDEMPUAN;MANDAILING NATAL
122;SUMATERA;SUMBAGUT;PADANG SIDEMPUAN;TAPANULI;TAPANULI UTARA
123;PAMASUKA;KALIMANTAN;SAMARINDA;MAHAKAM;KOTA SAMARINDA
124;PAMASUKA;SULAWESI;MANADO;MINAHASA TALAUD;MINAHASA
125;JAWA - BALI - NUSRA;BALI NUSRA;KUPANG;KOTA KUPANG;BELU
126;SUMATERA;SUMBAGUT;BANDA ACEH;BIREUEN;KOTA LHOKSEUMAWE
127;JAWA - BALI - NUSRA;BALI NUSRA;KUPANG;FLORES SUMBA;SABU RAIJUA
128;PAMASUKA;KALIMANTAN;BANJARMASIN;BATULICIN;TANAH BUMBU
129;SUMATERA;SUMBAGUT;BANDA ACEH;MEULABOH;ACEH BARAT DAYA
130;SUMATERA;SUMBAGUT;BANDA ACEH;MEULABOH;NAGAN RAYA
131;PAMASUKA;KALIMANTAN;PONTIANAK;SAMBAS;BENGKAYANG
132;PAMASUKA;KALIMANTAN;PONTIANAK;SINTANG;SEKADAU
133;SUMATERA;SUMBAGUT;PEMATANG SIANTAR;KARO;KARO
134;PAMASUKA;KALIMANTAN;BALIKPAPAN;KOTA BALIKPAPAN;KOTA BALIKPAPAN
135;PAMASUKA;KALIMANTAN;PALANGKARAYA;PALANGKARAYA INNER;KOTA PALANGKARAYA
136;SUMATERA;SUMBAGUT;BANDA ACEH;ACEH;KOTA BANDA ACEH
137;SUMATERA;SUMBAGUT;PEMATANG SIANTAR;KARO;GAYO LUES
138;SUMATERA;SUMBAGUT;PEMATANG SIANTAR;ASAHAN;ASAHAN
139;SUMATERA;SUMBAGUT;CENTRAL MEDAN;SERDANG;DELI SERDANG
140;SUMATERA;SUMBAGUT;PADANG SIDEMPUAN;TAPANULI;NIAS SELATAN
141;JAWA - BALI - NUSRA;BALI NUSRA;KUPANG;FLORES SUMBA;MANGGARAI
142;PAMASUKA;KALIMANTAN;BANJARMASIN;HULU SUNGAI;BALANGAN
143;SUMATERA;SUMBAGUT;PEMATANG SIANTAR;KARO;ACEH TENGGARA
144;PAMASUKA;KALIMANTAN;PALANGKARAYA;BARITO;MURUNG RAYA
145;PAMASUKA;KALIMANTAN;BANJARMASIN;HULU SUNGAI;HULU SUNGAI TENGAH
146;SUMATERA;SUMBAGUT;PEMATANG SIANTAR;KARO;DAIRI
147;SUMATERA;SUMBAGUT;PEMATANG SIANTAR;SIANTAR;HUMBANG HASUNDUTAN
148;PAMASUKA;KALIMANTAN;SAMARINDA;KUTAI;KUTAI KARTANEGARA
149;PAMASUKA;KALIMANTAN;TARAKAN;KALTARA;TANA TIDUNG
150;SUMATERA;SUMBAGUT;BANDA ACEH;ACEH;KOTA SABANG
151;SUMATERA;SUMBAGUT;PADANG SIDEMPUAN;TAPANULI;TAPANULI TENGAH
152;SUMATERA;SUMBAGUT;WESTERN MEDAN;LANGKAT;LANGKAT
153;PAMASUKA;KALIMANTAN;PALANGKARAYA;KOTAWARINGIN;SERUYAN
154;SUMATERA;SUMBAGUT;BANDA ACEH;MEULABOH;ACEH SELATAN
155;SUMATERA;SUMBAGUT;BANDA ACEH;MEULABOH;ACEH BARAT
156;SUMATERA;SUMBAGUT;PEMATANG SIANTAR;ASAHAN;LABUHAN BATU
157;SUMATERA;SUMBAGUT;PADANG SIDEMPUAN;SIDEMPUAN;LABUHAN BATU
158;PAMASUKA;KALIMANTAN;TARAKAN;KALTARA;BULUNGAN
159;SUMATERA;SUMBAGUT;WESTERN MEDAN;LANGKAT;DELI SERDANG
160;SUMATERA;SUMBAGUT;CENTRAL MEDAN;MEDAN;DELI SERDANG
161;PAMASUKA;KALIMANTAN;PALANGKARAYA;KOTAWARINGIN;LAMANDAU
162;PAMASUKA;KALIMANTAN;PALANGKARAYA;BARITO;BARITO TIMUR
163;SUMATERA;SUMBAGUT;PEMATANG SIANTAR;SIANTAR;SIMALUNGUN
164;SUMATERA;SUMBAGUT;PEMATANG SIANTAR;ASAHAN;SIMALUNGUN
165;SUMATERA;SUMBAGUT;BANDA ACEH;ACEH;PIDIE JAYA
166;JAWA - BALI - NUSRA;BALI NUSRA;KUPANG;KOTA KUPANG;KUPANG
167;SUMATERA;SUMBAGUT;PEMATANG SIANTAR;KARO;DELI SERDANG
168;PAMASUKA;KALIMANTAN;PALANGKARAYA;KOTAWARINGIN;SUKAMARA
169;SUMATERA;SUMBAGSEL;BENGKULU;MUSI RAWAS;LAHAT
170;JABOTABEK & JABAR;JABAR;CIREBON;CIREBON;CIREBON
171;JABOTABEK & JABAR;JABAR;SOREANG;SUMEDANG;SUMEDANG
172;SUMATERA;SUMBAGSEL;LAMPUNG;LAMPUNG UTARA;WAY KANAN
173;SUMATERA;SUMBAGTENG;PEKANBARU;TEMBILAHAN;INDRAGIRI HILIR
174;JABOTABEK & JABAR;EASTERN JABOTABEK;KARAWANG;KARAWANG PURWAKARTA;PURWAKARTA
175;JABOTABEK & JABAR;EASTERN JABOTABEK;KARAWANG;BEKASI UTARA;BEKASI
176;JABOTABEK & JABAR;JABAR;TASIKMALAYA;TASIKMALAYA;KOTA TASIKMALAYA
177;SUMATERA;SUMBAGSEL;BENGKULU;BUMI RAFFLESIA;LEBONG
178;SUMATERA;SUMBAGSEL;LAMPUNG;LAMPUNG UTARA;TANGGAMUS
179;SUMATERA;SUMBAGSEL;LAMPUNG;LAMPUNG TENGAH;LAMPUNG TENGAH
180;SUMATERA;SUMBAGTENG;PADANG;BUKIT TINGGI;KOTA PAYAKUMBUH
181;SUMATERA;SUMBAGTENG;DUMAI;ROKAN HULU;ROKAN HULU
182;SUMATERA;SUMBAGSEL;JAMBI;JAMBI BARAT;KERINCI
183;SUMATERA;SUMBAGSEL;JAMBI;JAMBI INNER;MUARO JAMBI
184;SUMATERA;SUMBAGSEL;JAMBI;JAMBI BARAT;KOTA SUNGAI PENUH
185;SUMATERA;SUMBAGSEL;PALEMBANG;OGAN KOMERING;OGAN KOMERING ULU SELATAN
186;SUMATERA;SUMBAGSEL;PALEMBANG;BUMI SRIWIJAYA;OGAN ILIR
187;SUMATERA;SUMBAGSEL;BENGKULU;MUSI RAWAS;KOTA LUBUKLINGGAU
188;SUMATERA;SUMBAGUT;PEMATANG SIANTAR;SIANTAR;SERDANG BEDAGAI
189;SUMATERA;SUMBAGUT;PADANG SIDEMPUAN;SIDEMPUAN;PADANG LAWAS UTARA
190;SUMATERA;SUMBAGSEL;BENGKULU;MUSI RAWAS;MUARA ENIM
191;SUMATERA;SUMBAGSEL;PALEMBANG;BUMI SRIWIJAYA;MUARA ENIM
192;SUMATERA;SUMBAGSEL;BENGKULU;MUSI RAWAS;MUSI RAWAS
193;SUMATERA;SUMBAGUT;PADANG SIDEMPUAN;TAPANULI;NIAS UTARA
194;SUMATERA;SUMBAGUT;PADANG SIDEMPUAN;TAPANULI;NIAS BARAT
195;SUMATERA;SUMBAGTENG;PADANG;PADANG PARIAMAN;KEPULAUAN MENTAWAI
196;SUMATERA;SUMBAGSEL;PALEMBANG;BANYUASIN;MUSI BANYUASIN
197;SUMATERA;SUMBAGTENG;PADANG;BUKIT TINGGI;PASAMAN
198;SUMATERA;SUMBAGTENG;PEKANBARU;GREATER PEKANBARU;S I A K
199;SUMATERA;SUMBAGSEL;BENGKULU;BUMI RAFFLESIA;BENGKULU SELATAN
200;SUMATERA;SUMBAGTENG;DUMAI;DUMAI;ROKAN HILIR
201;SUMATERA;SUMBAGSEL;JAMBI;JAMBI BARAT;MERANGIN
202;SUMATERA;SUMBAGSEL;JAMBI;JAMBI BARAT;SAROLANGUN
203;SUMATERA;SUMBAGSEL;PALEMBANG;OGAN KOMERING;OGAN KOMERING ILIR
204;SUMATERA;SUMBAGUT;BANDA ACEH;BIREUEN;BENER MERIAH
205;SUMATERA;SUMBAGTENG;PADANG;PADANG PARIAMAN;PESISIR SELATAN
206;SUMATERA;SUMBAGTENG;PADANG;BUKIT TINGGI;LIMA PULUH KOTA
207;SUMATERA;SUMBAGSEL;PALEMBANG;BANYUASIN;BANYU ASIN
208;SUMATERA;SUMBAGTENG;PEKANBARU;TEMBILAHAN;KUANTAN SINGINGI
209;SUMATERA;SUMBAGTENG;BATAM;GREATER BATAM;KEPULAUAN MERANTI
210;SUMATERA;SUMBAGSEL;JAMBI;JAMBI BARAT;TEBO
211;JABOTABEK & JABAR;EASTERN JABOTABEK;BOGOR;NEW DEPOK;KOTA DEPOK
212;JABOTABEK & JABAR;EASTERN JABOTABEK;BEKASI;CILEUNGSI;KOTA DEPOK
213;SUMATERA;SUMBAGUT;PEMATANG SIANTAR;KARO;PAKPAK BHARAT
214;SUMATERA;SUMBAGSEL;BENGKULU;MUSI RAWAS;KOTA PAGAR ALAM
215;SUMATERA;SUMBAGUT;PEMATANG SIANTAR;SIANTAR;SAMOSIR
216;SUMATERA;SUMBAGUT;PEMATANG SIANTAR;ASAHAN;LABUHAN BATU UTARA
217;SUMATERA;SUMBAGSEL;JAMBI;JAMBI INNER;BATANG HARI
218;SUMATERA;SUMBAGUT;PADANG SIDEMPUAN;TAPANULI;GUNUNGSITOLI
219;SUMATERA;SUMBAGTENG;PADANG;BUKIT TINGGI;AGAM
220;SUMATERA;SUMBAGSEL;PANGKAL PINANG;BANGKA BELITUNG;KOTA PANGKAL PINANG
221;SUMATERA;SUMBAGTENG;PEKANBARU;TEMBILAHAN;PELALAWAN
222;SUMATERA;SUMBAGTENG;DUMAI;DUMAI;BENGKALIS
223;SUMATERA;SUMBAGSEL;PALEMBANG;OGAN KOMERING;OGAN KOMERING ULU
224;SUMATERA;SUMBAGUT;CENTRAL MEDAN;SERDANG;SERDANG BEDAGAI
225;SUMATERA;SUMBAGSEL;JAMBI;JAMBI INNER;TANJUNG JABUNG BARAT
226;SUMATERA;SUMBAGSEL;PALEMBANG;OGAN KOMERING;OGAN KOMERING ULU TIMUR
227;SUMATERA;SUMBAGSEL;PALEMBANG;BUMI SRIWIJAYA;PENUKAL ABAB LEMATANG ILIR
228;SUMATERA;SUMBAGSEL;BENGKULU;BUMI RAFFLESIA;REJANG LEBONG
229;SUMATERA;SUMBAGUT;PEMATANG SIANTAR;ASAHAN;BATU BARA
230;SUMATERA;SUMBAGSEL;BENGKULU;BUMI RAFFLESIA;BENGKULU UTARA
231;SUMATERA;SUMBAGUT;PADANG SIDEMPUAN;SIDEMPUAN;PADANG LAWAS
232;SUMATERA;SUMBAGSEL;BENGKULU;BUMI RAFFLESIA;MUKOMUKO
233;SUMATERA;SUMBAGSEL;LAMPUNG;LAMPUNG TENGAH;LAMPUNG TIMUR
234;SUMATERA;SUMBAGSEL;BENGKULU;MUSI RAWAS;MUSI RAWAS UTARA
235;SUMATERA;SUMBAGSEL;LAMPUNG;LAMPUNG UTARA;TULANG BAWANG BARAT
236;SUMATERA;SUMBAGSEL;PANGKAL PINANG;BANGKA BELITUNG;BELITUNG TIMUR
237;SUMATERA;SUMBAGSEL;LAMPUNG;LAMPUNG UTARA;PESISIR BARAT
238;JABOTABEK & JABAR;CENTRAL JABOTABEK;JAKARTA RAYA;JAKPUSEL;JAKARTA PUSAT
239;JABOTABEK & JABAR;CENTRAL JABOTABEK;JAKARTA RAYA;NEW JAKUT;JAKARTA PUSAT
240;SUMATERA;SUMBAGSEL;JAMBI;JAMBI BARAT;BUNGO
241;SUMATERA;SUMBAGTENG;DUMAI;DUMAI;KOTA DUMAI
242;SUMATERA;SUMBAGSEL;JAMBI;JAMBI INNER;KOTA JAMBI
243;JABOTABEK & JABAR;EASTERN JABOTABEK;BEKASI;BEKASI SELATAN;KOTA BEKASI
244;SUMATERA;SUMBAGUT;PEMATANG SIANTAR;SIANTAR;KOTA PEMATANG SIANTAR
245;SUMATERA;SUMBAGTENG;PADANG;SOLOK SRAYA;SOLOK
246;SUMATERA;SUMBAGSEL;PALEMBANG;OGAN KOMERING;MESUJI
247;JABOTABEK & JABAR;JABAR;TASIKMALAYA;GARUT;GARUT
248;JABOTABEK & JABAR;JABAR;TASIKMALAYA;CIAMIS;CIAMIS
249;JABOTABEK & JABAR;JABAR;CIREBON;CIREBON;INDRAMAYU
250;SUMATERA;SUMBAGSEL;LAMPUNG;LAMPUNG UTARA;LAMPUNG UTARA
251;SUMATERA;SUMBAGSEL;PANGKAL PINANG;BANGKA BELITUNG;BANGKA SELATAN
252;JABOTABEK & JABAR;CENTRAL JABOTABEK;JAKARTA RAYA;JAKTIM 2;JAKARTA TIMUR
253;JABOTABEK & JABAR;JABAR;SOREANG;SOREANG;CIANJUR
254;JABOTABEK & JABAR;JABAR;CIREBON;KUNINGAN;KUNINGAN
255;SUMATERA;SUMBAGSEL;PANGKAL PINANG;BANGKA BELITUNG;BANGKA TENGAH
256;SUMATERA;SUMBAGSEL;PALEMBANG;BUMI SRIWIJAYA;KOTA PALEMBANG
257;SUMATERA;SUMBAGUT;PEMATANG SIANTAR;SIANTAR;KOTA TEBING TINGGI
258;JABOTABEK & JABAR;EASTERN JABOTABEK;BOGOR;SUKABUMI BOGOR;SUKABUMI
259;JABOTABEK & JABAR;JABAR;SOREANG;SUMEDANG;BANDUNG
260;JABOTABEK & JABAR;JABAR;TASIKMALAYA;TASIKMALAYA;TASIKMALAYA
261;SUMATERA;SUMBAGUT;PADANG SIDEMPUAN;SIDEMPUAN;LABUHAN BATU SELATAN
262;SUMATERA;SUMBAGUT;PADANG SIDEMPUAN;SIDEMPUAN;KOTA PADANGSIDIMPUAN
263;JABOTABEK & JABAR;CENTRAL JABOTABEK;JAKARTA RAYA;JAKTIM 1;JAKARTA TIMUR
264;SUMATERA;SUMBAGTENG;PADANG;PADANG PARIAMAN;PADANG PARIAMAN
265;JABOTABEK & JABAR;JABAR;SOREANG;SOREANG;BANDUNG
266;SUMATERA;SUMBAGSEL;JAMBI;JAMBI INNER;TANJUNG JABUNG TIMUR
267;SUMATERA;SUMBAGSEL;PALEMBANG;BUMI SRIWIJAYA;KOTA PRABUMULIH
268;SUMATERA;SUMBAGSEL;BENGKULU;MUSI RAWAS;EMPAT LAWANG
269;SUMATERA;SUMBAGTENG;PADANG;PADANG PARIAMAN;KOTA PARIAMAN
270;SUMATERA;SUMBAGUT;PEMATANG SIANTAR;ASAHAN;KOTA TANJUNG BALAI
271;SUMATERA;SUMBAGTENG;PADANG;PADANG PARIAMAN;KOTA PADANG
272;SUMATERA;SUMBAGTENG;PEKANBARU;TEMBILAHAN;INDRAGIRI HULU
273;JABOTABEK & JABAR;CENTRAL JABOTABEK;JAKARTA RAYA;JAKPUSEL;JAKARTA SELATAN
274;JABOTABEK & JABAR;EASTERN JABOTABEK;BOGOR;NEW DEPOK;BOGOR
275;SUMATERA;SUMBAGUT;CENTRAL MEDAN;MEDAN;KOTA MEDAN
276;SUMATERA;SUMBAGTENG;PADANG;BUKIT TINGGI;TANAH DATAR
277;SUMATERA;SUMBAGUT;WESTERN MEDAN;LANGKAT;KOTA BINJAI
278;SUMATERA;SUMBAGTENG;DUMAI;ROKAN HULU;BENGKALIS
279;SUMATERA;SUMBAGTENG;PADANG;SOLOK SRAYA;DHARMASRAYA
280;SUMATERA;SUMBAGTENG;DUMAI;ROKAN HULU;KAMPAR
281;SUMATERA;SUMBAGTENG;PEKANBARU;GREATER PEKANBARU;KOTA PEKANBARU
282;SUMATERA;SUMBAGUT;PADANG SIDEMPUAN;TAPANULI;KOTA SIBOLGA
283;JABOTABEK & JABAR;JABAR;SOREANG;SOREANG;BANDUNG BARAT
284;SUMATERA;SUMBAGSEL;LAMPUNG;BANDAR LAMPUNG;PRINGSEWU
285;JAWA - BALI - NUSRA;JATENG-DIY;SURAKARTA;SURAKARTA;WONOGIRI
286;JAWA - BALI - NUSRA;JATENG-DIY;SURAKARTA;SRAGEN;GROBOGAN
287;JAWA - BALI - NUSRA;JATENG-DIY;SEMARANG;PATI;REMBANG
288;JAWA - BALI - NUSRA;JATIM;MADIUN;PONOROGO;PONOROGO
289;JAWA - BALI - NUSRA;JATIM;MALANG;TULUNGAGUNG;TULUNGAGUNG
290;JABOTABEK & JABAR;JABAR;CIREBON;KUNINGAN;MAJALENGKA
291;JABOTABEK & JABAR;JABAR;BANDUNG;SUBANG;SUBANG
292;JABOTABEK & JABAR;EASTERN JABOTABEK;KARAWANG;KARAWANG PURWAKARTA;KARAWANG
293;JAWA - BALI - NUSRA;JATENG-DIY;SURAKARTA;SURAKARTA;KLATEN
294;JAWA - BALI - NUSRA;JATENG-DIY;SEMARANG;PATI;PATI
295;JAWA - BALI - NUSRA;JATENG-DIY;SEMARANG;DEMAK;JEPARA
296;JAWA - BALI - NUSRA;JATENG-DIY;YOGYAKARTA;MAGELANG;TEMANGGUNG
297;JABOTABEK & JABAR;JABAR;BANDUNG;KOTA BANDUNG;KOTA BANDUNG
298;SUMATERA;SUMBAGSEL;BENGKULU;BUMI RAFFLESIA;SELUMA
299;JAWA - BALI - NUSRA;JATENG-DIY;PEKALONGAN;PANTURA;PEKALONGAN
300;JAWA - BALI - NUSRA;JATENG-DIY;PEKALONGAN;PANTURA;TEGAL
301;JAWA - BALI - NUSRA;JATENG-DIY;PEKALONGAN;PANTURA;KOTA PEKALONGAN
302;SUMATERA;SUMBAGTENG;PADANG;SOLOK SRAYA;SOLOK SELATAN
303;JAWA - BALI - NUSRA;JATENG-DIY;SEMARANG;DEMAK;DEMAK
304;JAWA - BALI - NUSRA;JATENG-DIY;PURWOKERTO;PURWOKERTO RAYA;KEBUMEN
305;JAWA - BALI - NUSRA;JATENG-DIY;YOGYAKARTA;MAGELANG;KULON PROGO
306;JAWA - BALI - NUSRA;JATENG-DIY;YOGYAKARTA;MAGELANG;WONOSOBO
307;JAWA - BALI - NUSRA;JATENG-DIY;YOGYAKARTA;MAGELANG;MAGELANG
308;SUMATERA;SUMBAGTENG;BATAM;GREATER BATAM;KARIMUN
309;JAWA - BALI - NUSRA;JATIM;MALANG;TULUNGAGUNG;BLITAR
310;JABOTABEK & JABAR;CENTRAL JABOTABEK;JAKARTA RAYA;NEW JAKUT;JAKARTA UTARA
311;JAWA - BALI - NUSRA;JATENG-DIY;PURWOKERTO;PURWOKERTO RAYA;CILACAP
312;JAWA - BALI - NUSRA;JATENG-DIY;PURWOKERTO;PURWOKERTO RAYA;PURBALINGGA
313;JABOTABEK & JABAR;JABAR;SOREANG;SOREANG;KOTA CIMAHI
314;JAWA - BALI - NUSRA;JATENG-DIY;PEKALONGAN;PANTURA;BREBES
315;SUMATERA;SUMBAGSEL;LAMPUNG;BANDAR LAMPUNG;KOTA BANDAR LAMPUNG
316;SUMATERA;SUMBAGTENG;BATAM;TANJUNG PINANG;BINTAN
317;SUMATERA;SUMBAGSEL;LAMPUNG;LAMPUNG TENGAH;TULANGBAWANG
318;SUMATERA;SUMBAGSEL;LAMPUNG;LAMPUNG UTARA;LAMPUNG BARAT
319;SUMATERA;SUMBAGSEL;LAMPUNG;BANDAR LAMPUNG;LAMPUNG SELATAN
320;SUMATERA;SUMBAGTENG;PADANG;BUKIT TINGGI;KOTA BUKIT TINGGI
321;JABOTABEK & JABAR;EASTERN JABOTABEK;BOGOR;SUKABUMI BOGOR;BOGOR
322;SUMATERA;SUMBAGSEL;PANGKAL PINANG;BANGKA BELITUNG;BANGKA BARAT
323;SUMATERA;SUMBAGTENG;BATAM;TANJUNG PINANG;KOTA TANJUNG PINANG
324;SUMATERA;SUMBAGTENG;BATAM;TANJUNG PINANG;NATUNA
325;JAWA - BALI - NUSRA;JATENG-DIY;PEKALONGAN;PANTURA;KOTA TEGAL
326;JAWA - BALI - NUSRA;JATIM;MADIUN;PONOROGO;PACITAN
327;JAWA - BALI - NUSRA;JATENG-DIY;SEMARANG;SEMARANG;KOTA SEMARANG
328;JABOTABEK & JABAR;EASTERN JABOTABEK;BOGOR;SUKABUMI BOGOR;KOTA BOGOR
329;SUMATERA;SUMBAGSEL;BENGKULU;BUMI RAFFLESIA;KAUR
330;JAWA - BALI - NUSRA;JATENG-DIY;PURWOKERTO;PURWOKERTO RAYA;BANYUMAS
331;SUMATERA;SUMBAGSEL;BENGKULU;BUMI RAFFLESIA;BENGKULU TENGAH
332;JABOTABEK & JABAR;CENTRAL JABOTABEK;JAKARTA RAYA;NEW JAKBAR;JAKARTA BARAT
333;JABOTABEK & JABAR;JABAR;TASIKMALAYA;CIAMIS;PANGANDARAN
334;SUMATERA;SUMBAGSEL;BENGKULU;BUMI RAFFLESIA;KOTA BENGKULU
335;JABOTABEK & JABAR;JABAR;TASIKMALAYA;CIAMIS;KOTA BANJAR
336;SUMATERA;SUMBAGSEL;LAMPUNG;BANDAR LAMPUNG;PESAWARAN
337;SUMATERA;SUMBAGTENG;BATAM;GREATER BATAM;KOTA B A T A M
338;SUMATERA;SUMBAGSEL;PANGKAL PINANG;BANGKA BELITUNG;BELITUNG
339;JABOTABEK & JABAR;EASTERN JABOTABEK;BOGOR;SUKABUMI BOGOR;KOTA SUKABUMI
340;JAWA - BALI - NUSRA;JATENG-DIY;PEKALONGAN;PANTURA;BATANG
341;JAWA - BALI - NUSRA;JATENG-DIY;YOGYAKARTA;MAGELANG;PURWOREJO
342;JAWA - BALI - NUSRA;JATIM;MADIUN;MANDIRI;KEDIRI
343;SUMATERA;SUMBAGSEL;BENGKULU;BUMI RAFFLESIA;KEPAHIANG
344;JAWA - BALI - NUSRA;JATENG-DIY;PURWOKERTO;PURWOKERTO RAYA;BANJARNEGARA
345;JAWA - BALI - NUSRA;JATENG-DIY;SURAKARTA;SRAGEN;KARANGANYAR
346;SUMATERA;SUMBAGSEL;PANGKAL PINANG;BANGKA BELITUNG;BANGKA
347;JABOTABEK & JABAR;EASTERN JABOTABEK;BEKASI;CILEUNGSI;BOGOR
348;JABOTABEK & JABAR;JABAR;BANDUNG;SUBANG;BANDUNG BARAT
349;JAWA - BALI - NUSRA;JATENG-DIY;SURAKARTA;SRAGEN;BLORA
350;SUMATERA;SUMBAGTENG;BATAM;TANJUNG PINANG;LINGGA
351;SUMATERA;SUMBAGSEL;LAMPUNG;LAMPUNG TENGAH;KOTA METRO
352;SUMATERA;SUMBAGTENG;BATAM;TANJUNG PINANG;KEPULAUAN ANAMBAS
353;JABOTABEK & JABAR;EASTERN JABOTABEK;BEKASI;BEKASI SELATAN;BEKASI
354;JABOTABEK & JABAR;EASTERN JABOTABEK;KARAWANG;KARAWANG PURWAKARTA;BEKASI
355;JAWA - BALI - NUSRA;JATENG-DIY;SEMARANG;SEMARANG;KENDAL
356;PAMASUKA;SULAWESI;PALU;PALU MAMUJU;MAMUJU TENGAH
357;PAMASUKA;SULAWESI;MANADO;MINAHASA TALAUD;KEPULAUAN SANGIHE
358;PAMASUKA;SULAWESI;MANADO;MANADO RAYA;MINAHASA UTARA
359;PAMASUKA;SULAWESI;KENDARI;KENDARI;KOLAKA TIMUR
360;PAMASUKA;SULAWESI;KENDARI;KENDARI;KONAWE KEPULAUAN
361;PAMASUKA;SULAWESI;GORONTALO;GORONTALO;POHUWATO
362;PAMASUKA;SULAWESI;PALU;PALU MAMUJU;MAMUJU UTARA
363;PAMASUKA;SULAWESI;MANADO;MINAHASA TALAUD;KOTA TOMOHON
364;PAMASUKA;SULAWESI;PALU;PALU MAMUJU;POSO
365;PAMASUKA;SULAWESI;PALU;LUWUK BANGGAI;TOJO UNA-UNA
366;PAMASUKA;MALUKU DAN PAPUA;AMBON;KEPULAUAN TUAL;MALUKU TENGGARA
367;PAMASUKA;SULAWESI;MAKASSAR;BONE BULUKUMBA;BULUKUMBA
368;PAMASUKA;SULAWESI;MAKASSAR;BARRU MAROS;PANGKAJENE DAN KEPULAUAN
369;PAMASUKA;SULAWESI;GORONTALO;GORONTALO;BOLAANG MONGONDOW UTARA
370;PAMASUKA;SULAWESI;PARE-PARE;PARE MAJENE;WAJO
371;PAMASUKA;SULAWESI;PARE-PARE;EWAKO;LUWU UTARA
372;PAMASUKA;SULAWESI;PALU;PALU MAMUJU;PARIGI MOUTONG
373;PAMASUKA;SULAWESI;MAKASSAR;BONE BULUKUMBA;BANTAENG
374;PAMASUKA;SULAWESI;PARE-PARE;PARE MAJENE;SIDENRENG RAPPANG
375;PAMASUKA;SULAWESI;PARE-PARE;EWAKO;TANA TORAJA
376;PAMASUKA;SULAWESI;KENDARI;WAKATOBI;BUTON
377;PAMASUKA;SULAWESI;KENDARI;KENDARI;KONAWE SELATAN
378;PAMASUKA;SULAWESI;KENDARI;WAKATOBI;BUTON UTARA
379;PAMASUKA;SULAWESI;KENDARI;KENDARI;KONAWE UTARA
380;PAMASUKA;SULAWESI;KENDARI;WAKATOBI;KOTA BAUBAU
381;SUMATERA;SUMBAGUT;PEMATANG SIANTAR;SIANTAR;BATU BARA
382;JABOTABEK & JABAR;JABAR;CIREBON;CIREBON;KOTA CIREBON
383;SUMATERA;SUMBAGTENG;PADANG;SOLOK SRAYA;SIJUNJUNG
384;PAMASUKA;MALUKU DAN PAPUA;AMBON;AMBON NAMLEA;BURU SELATAN
385;PAMASUKA;SULAWESI;MANADO;MINAHASA TALAUD;KEPULAUAN TALAUD
386;PAMASUKA;SULAWESI;MANADO;MINAHASA TALAUD;MINAHASA TENGGARA
387;PAMASUKA;SULAWESI;PALU;LUWUK BANGGAI;BANGGAI
388;PAMASUKA;SULAWESI;GORONTALO;GORONTALO;BUOL
389;PAMASUKA;SULAWESI;PALU;PALU MAMUJU;TOLI-TOLI
390;PAMASUKA;SULAWESI;PALU;LUWUK BANGGAI;MOROWALI UTARA
391;PAMASUKA;SULAWESI;PARE-PARE;EWAKO;ENREKANG
392;PAMASUKA;SULAWESI;MAKASSAR;GOWA;GOWA
393;PAMASUKA;SULAWESI;MAKASSAR;BONE BULUKUMBA;BONE
394;PAMASUKA;SULAWESI;PARE-PARE;EWAKO;LUWU
395;PAMASUKA;SULAWESI;PARE-PARE;EWAKO;LUWU TIMUR
396;PAMASUKA;SULAWESI;KENDARI;KENDARI;KONAWE
397;PAMASUKA;SULAWESI;PARE-PARE;EWAKO;TORAJA UTARA
398;PAMASUKA;SULAWESI;KENDARI;WAKATOBI;BOMBANA
399;SUMATERA;SUMBAGTENG;PADANG;BUKIT TINGGI;KOTA PADANG PANJANG
400;PAMASUKA;SULAWESI;PALU;PALU MAMUJU;DONGGALA
401;PAMASUKA;SULAWESI;PALU;LUWUK BANGGAI;BANGGAI LAUT
402;PAMASUKA;SULAWESI;PARE-PARE;PARE MAJENE;MAMASA
403;PAMASUKA;SULAWESI;MANADO;MINAHASA TALAUD;MINAHASA SELATAN
404;PAMASUKA;SULAWESI;KENDARI;KENDARI;KOTA KENDARI
405;PAMASUKA;SULAWESI;PARE-PARE;PARE MAJENE;MAJENE
406;PAMASUKA;MALUKU DAN PAPUA;AMBON;KEPULAUAN TUAL;MALUKU BARAT DAYA
407;PAMASUKA;SULAWESI;PALU;PALU MAMUJU;SIGI
408;PAMASUKA;SULAWESI;MAKASSAR;GOWA;TAKALAR
409;PAMASUKA;SULAWESI;KENDARI;KENDARI;KOLAKA UTARA
410;PAMASUKA;SULAWESI;GORONTALO;GORONTALO;GORONTALO
411;PAMASUKA;SULAWESI;PALU;PALU MAMUJU;MAMUJU
412;PAMASUKA;SULAWESI;GORONTALO;GORONTALO;KOTA GORONTALO
413;PAMASUKA;SULAWESI;PALU;LUWUK BANGGAI;MOROWALI
414;SUMATERA;SUMBAGTENG;PADANG;SOLOK SRAYA;KOTA SAWAH LUNTO
415;PAMASUKA;SULAWESI;MAKASSAR;KOTA MAKASSAR;KOTA MAKASSAR
416;PAMASUKA;SULAWESI;PARE-PARE;PARE MAJENE;KOTA PARE-PARE
417;PAMASUKA;SULAWESI;MANADO;MANADO RAYA;KOTA MANADO
418;PAMASUKA;SULAWESI;MANADO;MANADO RAYA;KOTA BITUNG
419;PAMASUKA;SULAWESI;MAKASSAR;BONE BULUKUMBA;KEPULAUAN SELAYAR
420;PAMASUKA;SULAWESI;MAKASSAR;BARRU MAROS;MAROS
421;PAMASUKA;SULAWESI;GORONTALO;GORONTALO;GORONTALO UTARA
422;PAMASUKA;MALUKU DAN PAPUA;AMBON;KEPULAUAN TUAL;KEPULAUAN ARU
423;PAMASUKA;MALUKU DAN PAPUA;AMBON;KEPULAUAN SERAM;SERAM BAGIAN BARAT
424;PAMASUKA;MALUKU DAN PAPUA;AMBON;KEPULAUAN SERAM;SERAM BAGIAN TIMUR
425;PAMASUKA;SULAWESI;KENDARI;WAKATOBI;KOLAKA
426;PAMASUKA;MALUKU DAN PAPUA;AMBON;KEPULAUAN TUAL;MALUKU TENGGARA BARAT
427;PAMASUKA;SULAWESI;KENDARI;WAKATOBI;BUTON SELATAN
428;PAMASUKA;SULAWESI;PARE-PARE;EWAKO;KOTA PALOPO
429;SUMATERA;SUMBAGTENG;PADANG;SOLOK SRAYA;KOTA SOLOK
430;PAMASUKA;SULAWESI;KENDARI;WAKATOBI;BUTON TENGAH
431;PAMASUKA;SULAWESI;GORONTALO;GORONTALO;BONE BOLANGO
432;PAMASUKA;MALUKU DAN PAPUA;AMBON;KEPULAUAN SERAM;MALUKU TENGAH
433;PAMASUKA;MALUKU DAN PAPUA;AMBON;AMBON NAMLEA;BURU
434;PAMASUKA;SULAWESI;GORONTALO;GORONTALO;BOLAANG MONGONDOW TIMUR
435;PAMASUKA;SULAWESI;MAKASSAR;BARRU MAROS;SOPPENG
436;PAMASUKA;SULAWESI;KENDARI;WAKATOBI;WAKATOBI
437;PAMASUKA;SULAWESI;MANADO;MINAHASA TALAUD;SIAU TAGULANDANG BIARO
438;PAMASUKA;SULAWESI;PALU;LUWUK BANGGAI;BANGGAI KEPULAUAN
439;PAMASUKA;SULAWESI;MAKASSAR;GOWA;JENEPONTO
440;PAMASUKA;SULAWESI;PARE-PARE;PARE MAJENE;PINRANG
441;PAMASUKA;SULAWESI;KENDARI;WAKATOBI;MUNA
442;PAMASUKA;SULAWESI;PARE-PARE;PARE MAJENE;POLEWALI MANDAR
443;PAMASUKA;SULAWESI;PALU;PALU MAMUJU;KOTA PALU
444;PAMASUKA;SULAWESI;MAKASSAR;BONE BULUKUMBA;SINJAI
445;PAMASUKA;SULAWESI;MAKASSAR;GOWA;KOTA MAKASSAR
446;PAMASUKA;SULAWESI;GORONTALO;GORONTALO;BOLAANG MONGONDOW SELATAN
447;PAMASUKA;SULAWESI;GORONTALO;GORONTALO;BOALEMO
448;PAMASUKA;MALUKU DAN PAPUA;AMBON;AMBON NAMLEA;KOTA AMBON
449;PAMASUKA;SULAWESI;GORONTALO;GORONTALO;KOTA KOTAMOBAGU
450;PAMASUKA;SULAWESI;KENDARI;WAKATOBI;MUNA BARAT
451;PAMASUKA;SULAWESI;MAKASSAR;BARRU MAROS;BARRU
452;JAWA - BALI - NUSRA;JATIM;LAMONGAN;LAMONGAN;NGAWI
453;JAWA - BALI - NUSRA;JATIM;LAMONGAN;LAMONGAN;TUBAN
454;JABOTABEK & JABAR;WESTERN JABOTABEK;SERANG;SERANG;LEBAK
455;JABOTABEK & JABAR;WESTERN JABOTABEK;SERANG;SERANG;SERANG
456;SUMATERA;SUMBAGUT;WESTERN MEDAN;TAMIANG;ACEH TAMIANG
457;JAWA - BALI - NUSRA;JATIM;LAMONGAN;LAMONGAN;GRESIK
458;JAWA - BALI - NUSRA;JATIM;SURABAYA;MADURA;SAMPANG
459;JAWA - BALI - NUSRA;JATIM;MALANG;MALANG;KOTA MALANG
460;SUMATERA;SUMBAGUT;PADANG SIDEMPUAN;TAPANULI;NIAS
461;SUMATERA;SUMBAGUT;PADANG SIDEMPUAN;SIDEMPUAN;TAPANULI SELATAN
462;SUMATERA;SUMBAGUT;PEMATANG SIANTAR;SIANTAR;TOBA SAMOSIR
463;SUMATERA;SUMBAGUT;BANDA ACEH;BIREUEN;ACEH UTARA
464;JAWA - BALI - NUSRA;BALI NUSRA;MATARAM;MATARAM;DOMPU
465;JAWA - BALI - NUSRA;JATIM;JEMBER;BANYUWANGI;BANYUWANGI
466;JAWA - BALI - NUSRA;JATIM;SIDOARJO;NEW SIDOARJO;SIDOARJO
467;JAWA - BALI - NUSRA;BALI NUSRA;DENPASAR;BALI TIMUR;KARANG ASEM
468;JAWA - BALI - NUSRA;JATIM;JEMBER;KOTA PROBOLINGGO;PROBOLINGGO
469;JAWA - BALI - NUSRA;JATIM;MADIUN;MANDIRI;JOMBANG
470;JAWA - BALI - NUSRA;JATIM;LAMONGAN;LAMONGAN;LAMONGAN
471;JAWA - BALI - NUSRA;BALI NUSRA;DENPASAR;BALI BARAT;BULELENG
472;JAWA - BALI - NUSRA;BALI NUSRA;MATARAM;MATARAM;BIMA
473;JAWA - BALI - NUSRA;JATIM;MADIUN;PONOROGO;MAGETAN
474;JAWA - BALI - NUSRA;JATIM;MADIUN;MANDIRI;KOTA KEDIRI
475;JAWA - BALI - NUSRA;JATIM;JEMBER;BANYUWANGI;BONDOWOSO
476;JABOTABEK & JABAR;WESTERN JABOTABEK;SERANG;SERANG;PANDEGLANG
477;JAWA - BALI - NUSRA;JATIM;MADIUN;MANDIRI;NGANJUK
478;JAWA - BALI - NUSRA;BALI NUSRA;MATARAM;MATARAM;LOMBOK BARAT
479;JAWA - BALI - NUSRA;BALI NUSRA;DENPASAR;BALI BARAT;TABANAN
480;JAWA - BALI - NUSRA;JATIM;MALANG;TULUNGAGUNG;KOTA BLITAR
481;JAWA - BALI - NUSRA;JATIM;LAMONGAN;LAMONGAN;BOJONEGORO
482;JAWA - BALI - NUSRA;BALI NUSRA;MATARAM;MATARAM;KOTA BIMA
483;JAWA - BALI - NUSRA;JATIM;JEMBER;JEMBER;LUMAJANG
484;JAWA - BALI - NUSRA;JATIM;SURABAYA;MADURA;BANGKALAN
485;JABOTABEK & JABAR;WESTERN JABOTABEK;SERANG;KAB TANGERANG;TANGERANG
486;JAWA - BALI - NUSRA;BALI NUSRA;KUPANG;FLORES SUMBA;SUMBA BARAT
487;JAWA - BALI - NUSRA;BALI NUSRA;KUPANG;FLORES SUMBA;SUMBA TIMUR
488;SUMATERA;SUMBAGUT;BANDA ACEH;MEULABOH;ACEH SINGKIL
489;JAWA - BALI - NUSRA;BALI NUSRA;DENPASAR;BALI BARAT;JEMBRANA
490;JAWA - BALI - NUSRA;JATIM;SURABAYA;MADURA;SUMENEP
491;SUMATERA;SUMBAGUT;WESTERN MEDAN;TAMIANG;LANGKAT
492;SUMATERA;SUMBAGUT;BANDA ACEH;MEULABOH;SIMEULUE
493;SUMATERA;SUMBAGUT;PEMATANG SIANTAR;KARO;SIMALUNGUN
494;JAWA - BALI - NUSRA;BALI NUSRA;DENPASAR;BALI TIMUR;KOTA DENPASAR
495;JAWA - BALI - NUSRA;BALI NUSRA;MATARAM;MATARAM;KOTA MATARAM
496;JAWA - BALI - NUSRA;BALI NUSRA;MATARAM;MATARAM;SUMBAWA BARAT
497;JAWA - BALI - NUSRA;JATIM;SIDOARJO;NEW SIDOARJO;MOJOKERTO
498;SUMATERA;SUMBAGUT;BANDA ACEH;MEULABOH;KOTA SUBULUSSALAM
499;JAWA - BALI - NUSRA;JATIM;SIDOARJO;KOTA PASURUAN;PASURUAN
500;JABOTABEK & JABAR;WESTERN JABOTABEK;SERANG;SERANG;KOTA SERANG
501;JABOTABEK & JABAR;WESTERN JABOTABEK;TANGERANG;TANGSEL;KOTA TANGERANG SELATAN
502;JAWA - BALI - NUSRA;BALI NUSRA;MATARAM;MATARAM;LOMBOK UTARA
503;JABOTABEK & JABAR;WESTERN JABOTABEK;TANGERANG;TANGSEL;TANGERANG
504;JAWA - BALI - NUSRA;JATENG-DIY;SURAKARTA;SURAKARTA;BOYOLALI
505;JAWA - BALI - NUSRA;JATENG-DIY;SURAKARTA;SURAKARTA;SUKOHARJO
506;JAWA - BALI - NUSRA;JATENG-DIY;SURAKARTA;SRAGEN;SRAGEN
507;JAWA - BALI - NUSRA;JATENG-DIY;SEMARANG;PATI;KUDUS
508;JAWA - BALI - NUSRA;BALI NUSRA;MATARAM;MATARAM;LOMBOK TENGAH
509;JAWA - BALI - NUSRA;JATIM;JEMBER;JEMBER;JEMBER
510;JAWA - BALI - NUSRA;JATIM;JEMBER;BANYUWANGI;SITUBONDO
511;JAWA - BALI - NUSRA;JATIM;MADIUN;MANDIRI;MADIUN
512;JABOTABEK & JABAR;WESTERN JABOTABEK;TANGERANG;KOTA TANGERANG;KOTA TANGERANG
513;JABOTABEK & JABAR;WESTERN JABOTABEK;SERANG;SERANG;KOTA CILEGON
514;JAWA - BALI - NUSRA;JATENG-DIY;SEMARANG;DEMAK;SEMARANG
515;JAWA - BALI - NUSRA;JATENG-DIY;PEKALONGAN;PANTURA;PEMALANG
516;JAWA - BALI - NUSRA;JATENG-DIY;YOGYAKARTA;YOGYAKARTA;SLEMAN
517;JAWA - BALI - NUSRA;JATENG-DIY;SURAKARTA;SURAKARTA;KOTA SURAKARTA
518;JAWA - BALI - NUSRA;JATIM;MALANG;TULUNGAGUNG;TRENGGALEK
519;JAWA - BALI - NUSRA;JATENG-DIY;SEMARANG;DEMAK;KOTA SALATIGA
520;JAWA - BALI - NUSRA;JATENG-DIY;YOGYAKARTA;YOGYAKARTA;KOTA YOGYAKARTA
521;JAWA - BALI - NUSRA;JATIM;SURABAYA;MADURA;PAMEKASAN
522;JAWA - BALI - NUSRA;JATIM;SURABAYA;KOTA SURABAYA;KOTA SURABAYA
523;JAWA - BALI - NUSRA;BALI NUSRA;DENPASAR;BALI TIMUR;BANGLI
524;JAWA - BALI - NUSRA;BALI NUSRA;MATARAM;MATARAM;LOMBOK TIMUR
525;JAWA - BALI - NUSRA;JATIM;MALANG;MALANG;KOTA BATU
526;JAWA - BALI - NUSRA;JATENG-DIY;YOGYAKARTA;YOGYAKARTA;GUNUNG KIDUL
527;JAWA - BALI - NUSRA;JATENG-DIY;YOGYAKARTA;MAGELANG;KOTA MAGELANG
528;JAWA - BALI - NUSRA;BALI NUSRA;DENPASAR;BALI TIMUR;GIANYAR
529;JAWA - BALI - NUSRA;BALI NUSRA;DENPASAR;BALI TIMUR;KLUNGKUNG
530;JAWA - BALI - NUSRA;JATIM;MADIUN;MANDIRI;KOTA MADIUN
531;JAWA - BALI - NUSRA;JATIM;JEMBER;KOTA PROBOLINGGO;KOTA PROBOLINGGO
532;JAWA - BALI - NUSRA;JATIM;SIDOARJO;KOTA PASURUAN;KOTA PASURUAN
533;JAWA - BALI - NUSRA;BALI NUSRA;DENPASAR;BALI BARAT;BADUNG
534;JAWA - BALI - NUSRA;JATIM;SIDOARJO;NEW SIDOARJO;KOTA MOJOKERTO
535;JAWA - BALI - NUSRA;JATENG-DIY;YOGYAKARTA;YOGYAKARTA;BANTUL
536;SUMATERA;SUMBAGTENG;DUMAI;ROKAN HULU;S I A K
537;SUMATERA;SUMBAGUT;PEMATANG SIANTAR;ASAHAN;ROKAN HILIR
538;JABOTABEK & JABAR;CENTRAL JABOTABEK;JAKARTA RAYA;NEW JAKBAR;JAKARTA PUSAT
539;JABOTABEK & JABAR;EASTERN JABOTABEK;KARAWANG;BEKASI UTARA;KOTA BEKASI
540;SUMATERA;SUMBAGUT;CENTRAL MEDAN;SERDANG;KOTA MEDAN
541;JABOTABEK & JABAR;CENTRAL JABOTABEK;JAKARTA RAYA;JAKTIM 2;JAKARTA SELATAN
542;SUMATERA;SUMBAGTENG;PEKANBARU;GREATER PEKANBARU;KAMPAR
543;PAMASUKA;MALUKU DAN PAPUA;AMBON;AMBON NAMLEA;MALUKU TENGAH
544;SUMATERA;SUMBAGTENG;PADANG;BUKIT TINGGI;PASAMAN BARAT
545;JABOTABEK & JABAR;CENTRAL JABOTABEK;JAKARTA RAYA;NEW JAKUT;KEPULAUAN SERIBU
546;JABOTABEK & JABAR;CENTRAL JABOTABEK;JAKARTA RAYA;JAKTIM 1;JAKARTA PUSAT
